time in s, LocalHeadX, LocalHeadY, LocalHeadZ,LocalHeadEulerX, LocalHeadEulerY, LocalHeadEulerZ, ControllerX, ControllerY, ControllerZ,ControllerEulerX, ControllerEulerY, ControllerEulerZ,PointerHead1X,PointerHead1Y,PointerHead1Z,PointerHand1X,PointerHand1Y,PointerHand1Z,RemoteHeadX, RemoteHeadY, RemoteHeadZ,RemoteHeadEulerX, RemoteHeadEulerY, RemoteHeadEulerZ, RemoteControllerX, RemoteontrollerY, RemoteControllerZ,ControllerEulerX, RemoteControllerEulerY, RemoteControllerEulerZ,PointerHead2X,PointerHead2Y,PointerHead2Z,PointerHand2X,PointerHand2Y,PointerHand2Z
0.000,null,null,null,null,null,null,null,null,null,null,null,null,null,null,null,null,null,null,-0.088, 1.179, -0.722,43.256, 7.141, 3.791,-0.116, 0.660, -0.720,33.663, 316.373, 12.855,0.008, 0.448, 0.049,null,null,null
0.014,null,null,null,null,null,null,null,null,null,null,null,null,null,null,null,null,null,null,-0.088, 1.179, -0.722,43.256, 7.141, 3.791,-0.116, 0.660, -0.720,33.663, 316.373, 12.855,0.016, 0.388, 0.112,null,null,null
0.021,null,null,null,null,null,null,null,null,null,null,null,null,null,null,null,null,null,null,-0.088, 1.182, -0.724,42.563, 6.977, 3.556,-0.116, 0.660, -0.720,33.743, 316.446, 13.216,0.017, 0.388, 0.134,null,null,null
0.027,null,null,null,null,null,null,null,null,null,null,null,null,null,null,null,null,null,null,-0.088, 1.185, -0.725,41.680, 6.808, 3.349,-0.116, 0.660, -0.721,33.925, 316.443, 12.978,0.018, 0.388, 0.163,null,null,null
0.033,null,null,null,null,null,null,null,null,null,null,null,null,null,null,null,null,null,null,-0.089, 1.188, -0.728,40.754, 6.611, 3.221,-0.116, 0.660, -0.721,33.962, 316.632, 13.061,0.018, 0.388, 0.194,null,null,null
0.040,null,null,null,null,null,null,null,null,null,null,null,null,null,null,null,null,null,null,-0.089, 1.188, -0.728,40.754, 6.611, 3.221,-0.116, 0.660, -0.721,33.962, 316.632, 13.061,0.018, 0.388, 0.194,null,null,null
0.046,null,null,null,null,null,null,null,null,null,null,null,null,null,null,null,null,null,null,-0.089, 1.188, -0.728,40.754, 6.611, 3.221,-0.116, 0.660, -0.721,33.962, 316.632, 13.061,0.018, 0.388, 0.194,null,null,null
0.053,null,null,null,null,null,null,null,null,null,null,null,null,null,null,null,null,null,null,-0.089, 1.194, -0.729,39.482, 6.203, 2.885,-0.116, 0.661, -0.721,34.195, 316.642, 13.002,0.059, 0.062, 0.636,null,null,null
0.057,null,null,null,null,null,null,null,null,null,null,null,null,null,null,null,null,null,null,-0.089, 1.199, -0.734,37.652, 5.641, 2.360,-0.116, 0.661, -0.720,33.962, 316.445, 12.735,0.056, 0.062, 0.732,null,null,null
0.065,null,null,null,null,null,null,null,null,null,null,null,null,null,null,null,null,null,null,-0.089, 1.199, -0.734,37.652, 5.641, 2.360,-0.116, 0.661, -0.720,33.962, 316.445, 12.735,0.056, 0.062, 0.732,null,null,null
0.071,null,null,null,null,null,null,null,null,null,null,null,null,null,null,null,null,null,null,-0.089, 1.199, -0.734,37.652, 5.641, 2.360,-0.116, 0.661, -0.720,33.962, 316.445, 12.735,0.056, 0.062, 0.732,null,null,null
0.077,null,null,null,null,null,null,null,null,null,null,null,null,null,null,null,null,null,null,-0.089, 1.199, -0.734,37.652, 5.641, 2.360,-0.116, 0.661, -0.720,33.962, 316.445, 12.735,0.056, 0.062, 0.732,null,null,null
0.083,null,null,null,null,null,null,null,null,null,null,null,null,null,null,null,null,null,null,-0.089, 1.199, -0.734,37.652, 5.641, 2.360,-0.116, 0.661, -0.720,33.962, 316.445, 12.735,0.056, 0.062, 0.732,null,null,null
0.089,null,null,null,null,null,null,null,null,null,null,null,null,null,null,null,null,null,null,-0.089, 1.199, -0.734,37.652, 5.641, 2.360,-0.116, 0.661, -0.720,33.962, 316.445, 12.735,0.056, 0.062, 0.732,null,null,null
0.095,null,null,null,null,null,null,null,null,null,null,null,null,null,null,null,null,null,null,-0.089, 1.199, -0.734,37.652, 5.641, 2.360,-0.116, 0.661, -0.720,33.962, 316.445, 12.735,0.056, 0.062, 0.732,null,null,null
0.102,null,null,null,null,null,null,null,null,null,null,null,null,null,null,null,null,null,null,-0.089, 1.199, -0.734,37.652, 5.641, 2.360,-0.116, 0.661, -0.720,33.962, 316.445, 12.735,0.056, 0.062, 0.732,null,null,null
0.109,null,null,null,null,null,null,null,null,null,null,null,null,null,null,null,null,null,null,-0.089, 1.199, -0.734,37.652, 5.641, 2.360,-0.116, 0.661, -0.720,33.962, 316.445, 12.735,0.056, 0.062, 0.732,null,null,null
0.115,null,null,null,null,null,null,null,null,null,null,null,null,null,null,null,null,null,null,-0.089, 1.199, -0.734,37.652, 5.641, 2.360,-0.116, 0.661, -0.720,33.962, 316.445, 12.735,0.056, 0.062, 0.732,null,null,null
0.119,null,null,null,null,null,null,null,null,null,null,null,null,null,null,null,null,null,null,-0.089, 1.199, -0.734,37.652, 5.641, 2.360,-0.116, 0.661, -0.720,33.962, 316.445, 12.735,0.056, 0.062, 0.732,null,null,null
0.126,null,null,null,null,null,null,null,null,null,null,null,null,null,null,null,null,null,null,-0.089, 1.199, -0.734,37.652, 5.641, 2.360,-0.116, 0.661, -0.720,33.962, 316.445, 12.735,0.056, 0.062, 0.732,null,null,null
0.133,null,null,null,null,null,null,null,null,null,null,null,null,null,null,null,null,null,null,-0.089, 1.199, -0.734,37.652, 5.641, 2.360,-0.116, 0.661, -0.720,33.962, 316.445, 12.735,0.056, 0.062, 0.732,null,null,null
0.139,null,null,null,null,null,null,null,null,null,null,null,null,null,null,null,null,null,null,-0.089, 1.199, -0.734,37.652, 5.641, 2.360,-0.116, 0.661, -0.720,33.962, 316.445, 12.735,0.056, 0.062, 0.732,null,null,null
0.145,null,null,null,null,null,null,null,null,null,null,null,null,null,null,null,null,null,null,-0.089, 1.199, -0.734,37.652, 5.641, 2.360,-0.116, 0.661, -0.720,33.962, 316.445, 12.735,0.056, 0.062, 0.732,null,null,null
0.152,null,null,null,null,null,null,null,null,null,null,null,null,null,null,null,null,null,null,-0.089, 1.199, -0.734,37.652, 5.641, 2.360,-0.116, 0.661, -0.720,33.962, 316.445, 12.735,0.056, 0.062, 0.732,null,null,null
0.158,null,null,null,null,null,null,null,null,null,null,null,null,null,null,null,null,null,null,-0.089, 1.199, -0.734,37.652, 5.641, 2.360,-0.116, 0.661, -0.720,33.962, 316.445, 12.735,0.056, 0.062, 0.732,null,null,null
0.164,null,null,null,null,null,null,null,null,null,null,null,null,null,null,null,null,null,null,-0.089, 1.199, -0.734,37.652, 5.641, 2.360,-0.116, 0.661, -0.720,33.962, 316.445, 12.735,0.056, 0.062, 0.732,null,null,null
0.170,null,null,null,null,null,null,null,null,null,null,null,null,null,null,null,null,null,null,-0.090, 1.202, -0.738,36.611, 5.138, 1.965,-0.116, 0.662, -0.720,33.700, 316.410, 12.920,0.048, 0.062, 0.791,null,null,null
0.176,null,null,null,null,null,null,null,null,null,null,null,null,null,null,null,null,null,null,-0.089, 1.205, -0.740,36.028, 4.766, 1.684,-0.116, 0.662, -0.721,33.778, 316.415, 13.008,0.041, 0.062, 0.826,null,null,null
0.183,null,null,null,null,null,null,null,null,null,null,null,null,null,null,null,null,null,null,-0.090, 1.206, -0.741,35.636, 4.415, 1.623,-0.116, 0.663, -0.721,33.852, 316.543, 13.029,0.032, 0.062, 0.850,null,null,null
0.189,null,null,null,null,null,null,null,null,null,null,null,null,null,null,null,null,null,null,-0.090, 1.206, -0.741,35.636, 4.415, 1.623,-0.116, 0.663, -0.721,33.852, 316.543, 13.029,0.032, 0.062, 0.850,null,null,null
0.195,null,null,null,null,null,null,null,null,null,null,null,null,null,null,null,null,null,null,-0.090, 1.206, -0.741,35.636, 4.415, 1.623,-0.116, 0.663, -0.721,33.852, 316.543, 13.029,0.032, 0.062, 0.850,null,null,null
0.201,null,null,null,null,null,null,null,null,null,null,null,null,null,null,null,null,null,null,-0.090, 1.206, -0.741,35.636, 4.415, 1.623,-0.116, 0.663, -0.721,33.852, 316.543, 13.029,0.032, 0.062, 0.850,null,null,null
0.207,null,null,null,null,null,null,null,null,null,null,null,null,null,null,null,null,null,null,-0.090, 1.206, -0.741,35.636, 4.415, 1.623,-0.116, 0.663, -0.721,33.852, 316.543, 13.029,0.032, 0.062, 0.850,null,null,null
0.213,null,null,null,null,null,null,null,null,null,null,null,null,null,null,null,null,null,null,-0.090, 1.206, -0.741,35.636, 4.415, 1.623,-0.116, 0.663, -0.721,33.852, 316.543, 13.029,0.032, 0.062, 0.850,null,null,null
0.219,null,null,null,null,null,null,null,null,null,null,null,null,null,null,null,null,null,null,-0.090, 1.206, -0.741,35.636, 4.415, 1.623,-0.116, 0.663, -0.721,33.852, 316.543, 13.029,0.032, 0.062, 0.850,null,null,null
0.225,null,null,null,null,null,null,null,null,null,null,null,null,null,null,null,null,null,null,-0.090, 1.206, -0.741,35.636, 4.415, 1.623,-0.116, 0.663, -0.721,33.852, 316.543, 13.029,0.032, 0.062, 0.850,null,null,null
0.231,null,null,null,null,null,null,null,null,null,null,null,null,null,null,null,null,null,null,-0.090, 1.206, -0.741,35.636, 4.415, 1.623,-0.116, 0.663, -0.721,33.852, 316.543, 13.029,0.032, 0.062, 0.850,null,null,null
0.237,null,null,null,null,null,null,null,null,null,null,null,null,null,null,null,null,null,null,-0.090, 1.206, -0.741,35.636, 4.415, 1.623,-0.116, 0.663, -0.721,33.852, 316.543, 13.029,0.032, 0.062, 0.850,null,null,null
0.243,null,null,null,null,null,null,null,null,null,null,null,null,null,null,null,null,null,null,-0.090, 1.206, -0.741,35.636, 4.415, 1.623,-0.116, 0.663, -0.721,33.852, 316.543, 13.029,0.032, 0.062, 0.850,null,null,null
0.250,null,null,null,null,null,null,null,null,null,null,null,null,null,null,null,null,null,null,-0.090, 1.206, -0.741,35.636, 4.415, 1.623,-0.116, 0.663, -0.721,33.852, 316.543, 13.029,0.032, 0.062, 0.850,null,null,null
0.256,null,null,null,null,null,null,null,null,null,null,null,null,null,null,null,null,null,null,-0.090, 1.206, -0.741,35.636, 4.415, 1.623,-0.116, 0.663, -0.721,33.852, 316.543, 13.029,0.032, 0.062, 0.850,null,null,null
0.263,null,null,null,null,null,null,null,null,null,null,null,null,null,null,null,null,null,null,-0.090, 1.206, -0.741,35.636, 4.415, 1.623,-0.116, 0.663, -0.721,33.852, 316.543, 13.029,0.032, 0.062, 0.850,null,null,null
0.269,null,null,null,null,null,null,null,null,null,null,null,null,null,null,null,null,null,null,-0.090, 1.206, -0.741,35.636, 4.415, 1.623,-0.116, 0.663, -0.721,33.852, 316.543, 13.029,0.032, 0.062, 0.850,null,null,null
0.275,null,null,null,null,null,null,null,null,null,null,null,null,null,null,null,null,null,null,-0.090, 1.206, -0.741,35.636, 4.415, 1.623,-0.116, 0.663, -0.721,33.852, 316.543, 13.029,0.032, 0.062, 0.850,null,null,null
0.281,null,null,null,null,null,null,null,null,null,null,null,null,null,null,null,null,null,null,-0.090, 1.206, -0.741,35.636, 4.415, 1.623,-0.116, 0.663, -0.721,33.852, 316.543, 13.029,0.032, 0.062, 0.850,null,null,null
0.287,null,null,null,null,null,null,null,null,null,null,null,null,null,null,null,null,null,null,-0.091, 1.207, -0.742,35.522, 4.065, 1.424,-0.115, 0.663, -0.722,33.780, 316.779, 12.889,0.023, 0.062, 0.857,null,null,null
0.293,null,null,null,null,null,null,null,null,null,null,null,null,null,null,null,null,null,null,-0.091, 1.208, -0.743,35.493, 3.818, 1.365,-0.115, 0.664, -0.722,33.662, 316.782, 13.054,0.016, 0.062, 0.860,null,null,null
0.299,null,null,null,null,null,null,null,null,null,null,null,null,null,null,null,null,null,null,-0.091, 1.209, -0.743,35.273, 3.718, 1.320,-0.115, 0.664, -0.723,33.669, 316.812, 13.288,0.014, 0.062, 0.874,null,null,null
0.306,null,null,null,null,null,null,null,null,null,null,null,null,null,null,null,null,null,null,-0.091, 1.209, -0.743,35.273, 3.718, 1.320,-0.115, 0.664, -0.723,33.669, 316.812, 13.288,0.014, 0.062, 0.874,null,null,null
0.312,null,null,null,null,null,null,null,null,null,null,null,null,null,null,null,null,null,null,-0.091, 1.209, -0.743,35.273, 3.718, 1.320,-0.115, 0.664, -0.723,33.669, 316.812, 13.288,0.014, 0.062, 0.874,null,null,null
0.318,null,null,null,null,null,null,null,null,null,null,null,null,null,null,null,null,null,null,-0.091, 1.209, -0.743,35.273, 3.718, 1.320,-0.115, 0.664, -0.723,33.669, 316.812, 13.288,0.014, 0.062, 0.874,null,null,null
0.324,null,null,null,null,null,null,null,null,null,null,null,null,null,null,null,null,null,null,-0.091, 1.209, -0.743,35.273, 3.718, 1.320,-0.115, 0.664, -0.723,33.669, 316.812, 13.288,0.014, 0.062, 0.874,null,null,null
0.330,null,null,null,null,null,null,null,null,null,null,null,null,null,null,null,null,null,null,-0.091, 1.209, -0.743,35.273, 3.718, 1.320,-0.115, 0.664, -0.723,33.669, 316.812, 13.288,0.014, 0.062, 0.874,null,null,null
0.336,null,null,null,null,null,null,null,null,null,null,null,null,null,null,null,null,null,null,-0.091, 1.209, -0.743,35.273, 3.718, 1.320,-0.115, 0.664, -0.723,33.669, 316.812, 13.288,0.014, 0.062, 0.874,null,null,null
0.341,null,null,null,null,null,null,null,null,null,null,null,null,null,null,null,null,null,null,-0.091, 1.209, -0.743,35.273, 3.718, 1.320,-0.115, 0.664, -0.723,33.669, 316.812, 13.288,0.014, 0.062, 0.874,null,null,null
0.347,null,null,null,null,null,null,null,null,null,null,null,null,null,null,null,null,null,null,-0.091, 1.209, -0.743,35.273, 3.718, 1.320,-0.115, 0.664, -0.723,33.669, 316.812, 13.288,0.014, 0.062, 0.874,null,null,null
0.353,null,null,null,null,null,null,null,null,null,null,null,null,null,null,null,null,null,null,-0.091, 1.209, -0.743,35.273, 3.718, 1.320,-0.115, 0.664, -0.723,33.669, 316.812, 13.288,0.014, 0.062, 0.874,null,null,null
0.360,null,null,null,null,null,null,null,null,null,null,null,null,null,null,null,null,null,null,-0.091, 1.209, -0.743,35.273, 3.718, 1.320,-0.115, 0.664, -0.723,33.669, 316.812, 13.288,0.014, 0.062, 0.874,null,null,null
0.366,null,null,null,null,null,null,null,null,null,null,null,null,null,null,null,null,null,null,-0.092, 1.209, -0.744,35.241, 3.690, 1.379,-0.116, 0.664, -0.723,33.549, 316.624, 13.220,0.013, 0.062, 0.875,null,null,null
0.373,null,null,null,null,null,null,null,null,null,null,null,null,null,null,null,null,null,null,-0.092, 1.209, -0.744,35.238, 3.529, 1.339,-0.116, 0.664, -0.724,33.341, 316.451, 13.404,0.008, 0.062, 0.877,null,null,null
0.379,null,null,null,null,null,null,null,null,null,null,null,null,null,null,null,null,null,null,-0.092, 1.209, -0.744,35.238, 3.529, 1.339,-0.116, 0.664, -0.724,33.341, 316.451, 13.404,0.008, 0.062, 0.877,null,null,null
0.386,null,null,null,null,null,null,null,null,null,null,null,null,null,null,null,null,null,null,-0.092, 1.209, -0.744,35.238, 3.529, 1.339,-0.116, 0.664, -0.724,33.341, 316.451, 13.404,0.008, 0.062, 0.877,null,null,null
0.392,null,null,null,null,null,null,null,null,null,null,null,null,null,null,null,null,null,null,-0.092, 1.209, -0.744,35.238, 3.529, 1.339,-0.116, 0.664, -0.724,33.341, 316.451, 13.404,0.008, 0.062, 0.877,null,null,null
0.398,null,null,null,null,null,null,null,null,null,null,null,null,null,null,null,null,null,null,-0.092, 1.209, -0.744,35.238, 3.529, 1.339,-0.116, 0.664, -0.724,33.341, 316.451, 13.404,0.008, 0.062, 0.877,null,null,null
0.405,null,null,null,null,null,null,null,null,null,null,null,null,null,null,null,null,null,null,-0.092, 1.209, -0.744,35.238, 3.529, 1.339,-0.116, 0.664, -0.724,33.341, 316.451, 13.404,0.008, 0.062, 0.877,null,null,null
0.411,null,null,null,null,null,null,null,null,null,null,null,null,null,null,null,null,null,null,-0.092, 1.209, -0.744,35.238, 3.529, 1.339,-0.116, 0.664, -0.724,33.341, 316.451, 13.404,0.008, 0.062, 0.877,null,null,null
0.417,null,null,null,null,null,null,null,null,null,null,null,null,null,null,null,null,null,null,-0.092, 1.209, -0.744,35.238, 3.529, 1.339,-0.116, 0.664, -0.724,33.341, 316.451, 13.404,0.008, 0.062, 0.877,null,null,null
0.423,null,null,null,null,null,null,null,null,null,null,null,null,null,null,null,null,null,null,-0.092, 1.209, -0.744,35.238, 3.529, 1.339,-0.116, 0.664, -0.724,33.341, 316.451, 13.404,0.008, 0.062, 0.877,null,null,null
0.429,null,null,null,null,null,null,null,null,null,null,null,null,null,null,null,null,null,null,-0.092, 1.209, -0.744,35.238, 3.529, 1.339,-0.116, 0.664, -0.724,33.341, 316.451, 13.404,0.008, 0.062, 0.877,null,null,null
0.436,null,null,null,null,null,null,null,null,null,null,null,null,null,null,null,null,null,null,-0.092, 1.209, -0.744,35.238, 3.529, 1.339,-0.116, 0.664, -0.724,33.341, 316.451, 13.404,0.008, 0.062, 0.877,null,null,null
0.443,null,null,null,null,null,null,null,null,null,null,null,null,null,null,null,null,null,null,-0.092, 1.209, -0.744,35.238, 3.529, 1.339,-0.116, 0.664, -0.724,33.341, 316.451, 13.404,0.008, 0.062, 0.877,null,null,null
0.449,null,null,null,null,null,null,null,null,null,null,null,null,null,null,null,null,null,null,-0.092, 1.211, -0.745,34.868, 3.383, 1.264,-0.116, 0.664, -0.724,33.434, 316.602, 13.621,0.005, 0.062, 0.900,null,null,null
0.455,null,null,null,null,null,null,null,null,null,null,null,null,null,null,null,null,null,null,-0.092, 1.211, -0.746,34.673, 3.297, 1.113,-0.116, 0.664, -0.724,33.569, 316.689, 13.601,0.003, 0.062, 0.912,null,null,null
0.461,null,null,null,null,null,null,null,null,null,null,null,null,null,null,null,null,null,null,-0.092, 1.211, -0.746,34.673, 3.297, 1.113,-0.116, 0.664, -0.724,33.569, 316.689, 13.601,0.003, 0.062, 0.912,null,null,null
0.467,null,null,null,null,null,null,null,null,null,null,null,null,null,null,null,null,null,null,-0.092, 1.211, -0.746,34.673, 3.297, 1.113,-0.116, 0.664, -0.724,33.569, 316.689, 13.601,0.003, 0.062, 0.912,null,null,null
0.473,null,null,null,null,null,null,null,null,null,null,null,null,null,null,null,null,null,null,-0.092, 1.211, -0.746,34.673, 3.297, 1.113,-0.116, 0.664, -0.724,33.569, 316.689, 13.601,0.003, 0.062, 0.912,null,null,null
0.479,null,null,null,null,null,null,null,null,null,null,null,null,null,null,null,null,null,null,-0.092, 1.211, -0.746,34.673, 3.297, 1.113,-0.116, 0.664, -0.724,33.569, 316.689, 13.601,0.003, 0.062, 0.912,null,null,null
0.485,null,null,null,null,null,null,null,null,null,null,null,null,null,null,null,null,null,null,-0.092, 1.211, -0.746,34.673, 3.297, 1.113,-0.116, 0.664, -0.724,33.569, 316.689, 13.601,0.003, 0.062, 0.912,null,null,null
0.491,null,null,null,null,null,null,null,null,null,null,null,null,null,null,null,null,null,null,-0.092, 1.211, -0.746,34.673, 3.297, 1.113,-0.116, 0.664, -0.724,33.569, 316.689, 13.601,0.003, 0.062, 0.912,null,null,null
0.507,null,null,null,null,null,null,null,null,null,null,null,null,null,null,null,null,null,null,-0.092, 1.211, -0.746,34.673, 3.297, 1.113,-0.116, 0.664, -0.724,33.569, 316.689, 13.601,0.003, 0.062, 0.912,null,null,null
0.514,null,null,null,null,null,null,null,null,null,null,null,null,null,null,null,null,null,null,-0.092, 1.211, -0.746,34.673, 3.297, 1.113,-0.116, 0.664, -0.724,33.569, 316.689, 13.601,0.003, 0.062, 0.912,null,null,null
0.520,null,null,null,null,null,null,null,null,null,null,null,null,null,null,null,null,null,null,-0.092, 1.211, -0.746,34.673, 3.297, 1.113,-0.116, 0.664, -0.724,33.569, 316.689, 13.601,0.003, 0.062, 0.912,null,null,null
0.526,null,null,null,null,null,null,null,null,null,null,null,null,null,null,null,null,null,null,-0.092, 1.211, -0.746,34.673, 3.297, 1.113,-0.116, 0.664, -0.724,33.569, 316.689, 13.601,0.003, 0.062, 0.912,null,null,null
0.532,null,null,null,null,null,null,null,null,null,null,null,null,null,null,null,null,null,null,-0.092, 1.211, -0.746,34.673, 3.297, 1.113,-0.116, 0.664, -0.724,33.569, 316.689, 13.601,0.003, 0.062, 0.912,null,null,null
0.538,null,null,null,null,null,null,null,null,null,null,null,null,null,null,null,null,null,null,-0.092, 1.211, -0.746,34.673, 3.297, 1.113,-0.116, 0.664, -0.724,33.569, 316.689, 13.601,0.003, 0.062, 0.912,null,null,null
0.544,null,null,null,null,null,null,null,null,null,null,null,null,null,null,null,null,null,null,-0.092, 1.211, -0.746,34.673, 3.297, 1.113,-0.116, 0.664, -0.724,33.569, 316.689, 13.601,0.003, 0.062, 0.912,null,null,null
0.550,null,null,null,null,null,null,null,null,null,null,null,null,null,null,null,null,null,null,-0.092, 1.211, -0.746,34.673, 3.297, 1.113,-0.116, 0.664, -0.724,33.569, 316.689, 13.601,0.003, 0.062, 0.912,null,null,null
0.557,null,null,null,null,null,null,null,null,null,null,null,null,null,null,null,null,null,null,-0.092, 1.211, -0.746,34.673, 3.297, 1.113,-0.116, 0.664, -0.724,33.569, 316.689, 13.601,0.003, 0.062, 0.912,null,null,null
0.563,null,null,null,null,null,null,null,null,null,null,null,null,null,null,null,null,null,null,-0.092, 1.211, -0.746,34.673, 3.297, 1.113,-0.116, 0.664, -0.724,33.569, 316.689, 13.601,0.003, 0.062, 0.912,null,null,null
0.569,null,null,null,null,null,null,null,null,null,null,null,null,null,null,null,null,null,null,-0.092, 1.212, -0.746,34.528, 3.227, 1.071,-0.116, 0.664, -0.724,33.703, 316.866, 13.339,0.002, 0.062, 0.922,null,null,null
0.575,null,null,null,null,null,null,null,null,null,null,null,null,null,null,null,null,null,null,-0.092, 1.212, -0.746,34.540, 3.091, 0.887,-0.116, 0.665, -0.724,33.616, 316.671, 13.104,-0.002, 0.062, 0.921,null,null,null
0.582,null,null,null,null,null,null,null,null,null,null,null,null,null,null,null,null,null,null,-0.092, 1.211, -0.746,34.794, 2.975, 0.755,-0.116, 0.665, -0.725,33.684, 316.672, 13.175,-0.006, 0.062, 0.905,null,null,null
0.588,null,null,null,null,null,null,null,null,null,null,null,null,null,null,null,null,null,null,-0.092, 1.211, -0.746,34.794, 2.975, 0.755,-0.116, 0.665, -0.725,33.684, 316.672, 13.175,-0.006, 0.062, 0.905,null,null,null
0.594,null,null,null,null,null,null,null,null,null,null,null,null,null,null,null,null,null,null,-0.092, 1.211, -0.746,34.794, 2.975, 0.755,-0.116, 0.665, -0.725,33.684, 316.672, 13.175,-0.006, 0.062, 0.905,null,null,null
0.601,null,null,null,null,null,null,null,null,null,null,null,null,null,null,null,null,null,null,-0.092, 1.211, -0.746,34.794, 2.975, 0.755,-0.116, 0.665, -0.725,33.684, 316.672, 13.175,-0.006, 0.062, 0.905,null,null,null
0.607,null,null,null,null,null,null,null,null,null,null,null,null,null,null,null,null,null,null,-0.092, 1.211, -0.746,34.794, 2.975, 0.755,-0.116, 0.665, -0.725,33.684, 316.672, 13.175,-0.006, 0.062, 0.905,null,null,null
0.613,null,null,null,null,null,null,null,null,null,null,null,null,null,null,null,null,null,null,-0.092, 1.211, -0.746,34.794, 2.975, 0.755,-0.116, 0.665, -0.725,33.684, 316.672, 13.175,-0.006, 0.062, 0.905,null,null,null
0.619,null,null,null,null,null,null,null,null,null,null,null,null,null,null,null,null,null,null,-0.092, 1.211, -0.746,34.794, 2.975, 0.755,-0.116, 0.665, -0.725,33.684, 316.672, 13.175,-0.006, 0.062, 0.905,null,null,null
0.625,null,null,null,null,null,null,null,null,null,null,null,null,null,null,null,null,null,null,-0.092, 1.211, -0.746,34.794, 2.975, 0.755,-0.116, 0.665, -0.725,33.684, 316.672, 13.175,-0.006, 0.062, 0.905,null,null,null
0.631,null,null,null,null,null,null,null,null,null,null,null,null,null,null,null,null,null,null,-0.092, 1.211, -0.746,34.794, 2.975, 0.755,-0.116, 0.665, -0.725,33.684, 316.672, 13.175,-0.006, 0.062, 0.905,null,null,null
0.637,null,null,null,null,null,null,null,null,null,null,null,null,null,null,null,null,null,null,-0.092, 1.211, -0.746,34.794, 2.975, 0.755,-0.116, 0.665, -0.725,33.684, 316.672, 13.175,-0.006, 0.062, 0.905,null,null,null
0.644,null,null,null,null,null,null,null,null,null,null,null,null,null,null,null,null,null,null,-0.092, 1.211, -0.746,34.794, 2.975, 0.755,-0.116, 0.665, -0.725,33.684, 316.672, 13.175,-0.006, 0.062, 0.905,null,null,null
0.650,null,null,null,null,null,null,null,null,null,null,null,null,null,null,null,null,null,null,-0.092, 1.211, -0.746,34.794, 2.975, 0.755,-0.116, 0.665, -0.725,33.684, 316.672, 13.175,-0.006, 0.062, 0.905,null,null,null
0.657,null,null,null,null,null,null,null,null,null,null,null,null,null,null,null,null,null,null,-0.092, 1.211, -0.746,34.794, 2.975, 0.755,-0.116, 0.665, -0.725,33.684, 316.672, 13.175,-0.006, 0.062, 0.905,null,null,null
0.663,null,null,null,null,null,null,null,null,null,null,null,null,null,null,null,null,null,null,-0.092, 1.211, -0.746,34.794, 2.975, 0.755,-0.116, 0.665, -0.725,33.684, 316.672, 13.175,-0.006, 0.062, 0.905,null,null,null
0.669,null,null,null,null,null,null,null,null,null,null,null,null,null,null,null,null,null,null,-0.092, 1.211, -0.746,34.794, 2.975, 0.755,-0.116, 0.665, -0.725,33.684, 316.672, 13.175,-0.006, 0.062, 0.905,null,null,null
0.675,null,null,null,null,null,null,null,null,null,null,null,null,null,null,null,null,null,null,-0.092, 1.211, -0.746,34.794, 2.975, 0.755,-0.116, 0.665, -0.725,33.684, 316.672, 13.175,-0.006, 0.062, 0.905,null,null,null
0.682,null,null,null,null,null,null,null,null,null,null,null,null,null,null,null,null,null,null,-0.092, 1.211, -0.746,34.794, 2.975, 0.755,-0.116, 0.665, -0.725,33.684, 316.672, 13.175,-0.006, 0.062, 0.905,null,null,null
0.687,null,null,null,null,null,null,null,null,null,null,null,null,null,null,null,null,null,null,-0.092, 1.211, -0.745,34.933, 3.009, 0.821,-0.116, 0.665, -0.725,33.771, 316.683, 13.135,-0.006, 0.062, 0.897,null,null,null
0.693,null,null,null,null,null,null,null,null,null,null,null,null,null,null,null,null,null,null,-0.092, 1.209, -0.745,35.194, 3.001, 0.887,-0.116, 0.665, -0.725,33.803, 316.638, 13.098,-0.007, 0.062, 0.879,null,null,null
0.699,null,null,null,null,null,null,null,null,null,null,null,null,null,null,null,null,null,null,-0.092, 1.209, -0.745,35.194, 3.001, 0.887,-0.116, 0.665, -0.725,33.803, 316.638, 13.098,-0.007, 0.062, 0.879,null,null,null
0.705,null,null,null,null,null,null,null,null,null,null,null,null,null,null,null,null,null,null,-0.092, 1.209, -0.745,35.194, 3.001, 0.887,-0.116, 0.665, -0.725,33.803, 316.638, 13.098,-0.007, 0.062, 0.879,null,null,null
0.711,null,null,null,null,null,null,null,null,null,null,null,null,null,null,null,null,null,null,-0.092, 1.209, -0.745,35.194, 3.001, 0.887,-0.116, 0.665, -0.725,33.803, 316.638, 13.098,-0.007, 0.062, 0.879,null,null,null
0.717,null,null,null,null,null,null,null,null,null,null,null,null,null,null,null,null,null,null,-0.092, 1.209, -0.745,35.194, 3.001, 0.887,-0.116, 0.665, -0.725,33.803, 316.638, 13.098,-0.007, 0.062, 0.879,null,null,null
0.723,null,null,null,null,null,null,null,null,null,null,null,null,null,null,null,null,null,null,-0.092, 1.209, -0.745,35.194, 3.001, 0.887,-0.116, 0.665, -0.725,33.803, 316.638, 13.098,-0.007, 0.062, 0.879,null,null,null
0.729,null,null,null,null,null,null,null,null,null,null,null,null,null,null,null,null,null,null,-0.092, 1.209, -0.745,35.194, 3.001, 0.887,-0.116, 0.665, -0.725,33.803, 316.638, 13.098,-0.007, 0.062, 0.879,null,null,null
0.735,null,null,null,null,null,null,null,null,null,null,null,null,null,null,null,null,null,null,-0.092, 1.209, -0.745,35.194, 3.001, 0.887,-0.116, 0.665, -0.725,33.803, 316.638, 13.098,-0.007, 0.062, 0.879,null,null,null
0.741,null,null,null,null,null,null,null,null,null,null,null,null,null,null,null,null,null,null,-0.092, 1.209, -0.745,35.194, 3.001, 0.887,-0.116, 0.665, -0.725,33.803, 316.638, 13.098,-0.007, 0.062, 0.879,null,null,null
0.747,null,null,null,null,null,null,null,null,null,null,null,null,null,null,null,null,null,null,-0.092, 1.209, -0.745,35.194, 3.001, 0.887,-0.116, 0.665, -0.725,33.803, 316.638, 13.098,-0.007, 0.062, 0.879,null,null,null
0.753,null,null,null,null,null,null,null,null,null,null,null,null,null,null,null,null,null,null,-0.092, 1.209, -0.745,35.194, 3.001, 0.887,-0.116, 0.665, -0.725,33.803, 316.638, 13.098,-0.007, 0.062, 0.879,null,null,null
0.759,null,null,null,null,null,null,null,null,null,null,null,null,null,null,null,null,null,null,-0.092, 1.209, -0.745,35.194, 3.001, 0.887,-0.116, 0.665, -0.725,33.803, 316.638, 13.098,-0.007, 0.062, 0.879,null,null,null
0.765,null,null,null,null,null,null,null,null,null,null,null,null,null,null,null,null,null,null,-0.092, 1.208, -0.744,35.726, 3.008, 0.913,-0.116, 0.665, -0.725,33.754, 316.364, 13.026,-0.009, 0.062, 0.846,null,null,null
0.771,null,null,null,null,null,null,null,null,null,null,null,null,null,null,null,null,null,null,-0.092, 1.204, -0.742,36.591, 3.213, 1.022,-0.116, 0.665, -0.725,33.632, 316.258, 13.052,-0.006, 0.062, 0.793,null,null,null
0.777,null,null,null,null,null,null,null,null,null,null,null,null,null,null,null,null,null,null,-0.092, 1.204, -0.742,36.591, 3.213, 1.022,-0.116, 0.665, -0.725,33.632, 316.258, 13.052,-0.006, 0.062, 0.793,null,null,null
0.783,null,null,null,null,null,null,null,null,null,null,null,null,null,null,null,null,null,null,-0.092, 1.204, -0.742,36.591, 3.213, 1.022,-0.116, 0.665, -0.725,33.632, 316.258, 13.052,-0.006, 0.062, 0.793,null,null,null
0.790,null,null,null,null,null,null,null,null,null,null,null,null,null,null,null,null,null,null,-0.092, 1.204, -0.742,36.591, 3.213, 1.022,-0.116, 0.665, -0.725,33.632, 316.258, 13.052,-0.006, 0.062, 0.793,null,null,null
0.796,null,null,null,null,null,null,null,null,null,null,null,null,null,null,null,null,null,null,-0.092, 1.204, -0.742,36.591, 3.213, 1.022,-0.116, 0.665, -0.725,33.632, 316.258, 13.052,-0.006, 0.062, 0.793,null,null,null
0.802,null,null,null,null,null,null,null,null,null,null,null,null,null,null,null,null,null,null,-0.092, 1.204, -0.742,36.591, 3.213, 1.022,-0.116, 0.665, -0.725,33.632, 316.258, 13.052,-0.006, 0.062, 0.793,null,null,null
0.808,null,null,null,null,null,null,null,null,null,null,null,null,null,null,null,null,null,null,-0.092, 1.204, -0.742,36.591, 3.213, 1.022,-0.116, 0.665, -0.725,33.632, 316.258, 13.052,-0.006, 0.062, 0.793,null,null,null
0.814,null,null,null,null,null,null,null,null,null,null,null,null,null,null,null,null,null,null,-0.092, 1.204, -0.742,36.591, 3.213, 1.022,-0.116, 0.665, -0.725,33.632, 316.258, 13.052,-0.006, 0.062, 0.793,null,null,null
0.820,null,null,null,null,null,null,null,null,null,null,null,null,null,null,null,null,null,null,-0.092, 1.204, -0.742,36.591, 3.213, 1.022,-0.116, 0.665, -0.725,33.632, 316.258, 13.052,-0.006, 0.062, 0.793,null,null,null
0.826,null,null,null,null,null,null,null,null,null,null,null,null,null,null,null,null,null,null,-0.092, 1.204, -0.742,36.591, 3.213, 1.022,-0.116, 0.665, -0.725,33.632, 316.258, 13.052,-0.006, 0.062, 0.793,null,null,null
0.832,null,null,null,null,null,null,null,null,null,null,null,null,null,null,null,null,null,null,-0.092, 1.204, -0.742,36.591, 3.213, 1.022,-0.116, 0.665, -0.725,33.632, 316.258, 13.052,-0.006, 0.062, 0.793,null,null,null
0.838,null,null,null,null,null,null,null,null,null,null,null,null,null,null,null,null,null,null,-0.092, 1.204, -0.742,36.591, 3.213, 1.022,-0.116, 0.665, -0.725,33.632, 316.258, 13.052,-0.006, 0.062, 0.793,null,null,null
0.844,null,null,null,null,null,null,null,null,null,null,null,null,null,null,null,null,null,null,-0.092, 1.204, -0.742,36.591, 3.213, 1.022,-0.116, 0.665, -0.725,33.632, 316.258, 13.052,-0.006, 0.062, 0.793,null,null,null
0.851,null,null,null,null,null,null,null,null,null,null,null,null,null,null,null,null,null,null,-0.093, 1.200, -0.740,37.985, 3.010, 1.018,-0.116, 0.665, -0.726,33.332, 315.947, 12.865,-0.017, 0.062, 0.714,null,null,null
0.857,null,null,null,null,null,null,null,null,null,null,null,null,null,null,null,null,null,null,-0.094, 1.195, -0.736,39.531, 2.215, 0.613,-0.117, 0.665, -0.726,33.276, 316.076, 13.172,-0.059, 0.446, 0.170,null,null,null
0.863,null,null,null,null,null,null,null,null,null,null,null,null,null,null,null,null,null,null,-0.094, 1.192, -0.734,40.603, 1.923, 0.422,-0.117, 0.664, -0.727,33.368, 316.284, 13.396,-0.065, 0.448, 0.133,null,null,null
0.869,null,null,null,null,null,null,null,null,null,null,null,null,null,null,null,null,null,null,-0.094, 1.192, -0.734,40.603, 1.923, 0.422,-0.117, 0.664, -0.727,33.368, 316.284, 13.396,-0.065, 0.448, 0.133,null,null,null
0.875,null,null,null,null,null,null,null,null,null,null,null,null,null,null,null,null,null,null,-0.094, 1.192, -0.734,40.603, 1.923, 0.422,-0.117, 0.664, -0.727,33.368, 316.284, 13.396,-0.065, 0.448, 0.133,null,null,null
0.881,null,null,null,null,null,null,null,null,null,null,null,null,null,null,null,null,null,null,-0.094, 1.192, -0.734,40.603, 1.923, 0.422,-0.117, 0.664, -0.727,33.368, 316.284, 13.396,-0.065, 0.448, 0.133,null,null,null
0.888,null,null,null,null,null,null,null,null,null,null,null,null,null,null,null,null,null,null,-0.094, 1.192, -0.734,40.603, 1.923, 0.422,-0.117, 0.664, -0.727,33.368, 316.284, 13.396,-0.065, 0.448, 0.133,null,null,null
0.894,null,null,null,null,null,null,null,null,null,null,null,null,null,null,null,null,null,null,-0.094, 1.192, -0.734,40.603, 1.923, 0.422,-0.117, 0.664, -0.727,33.368, 316.284, 13.396,-0.065, 0.448, 0.133,null,null,null
0.900,null,null,null,null,null,null,null,null,null,null,null,null,null,null,null,null,null,null,-0.094, 1.192, -0.734,40.603, 1.923, 0.422,-0.117, 0.664, -0.727,33.368, 316.284, 13.396,-0.065, 0.448, 0.133,null,null,null
0.907,null,null,null,null,null,null,null,null,null,null,null,null,null,null,null,null,null,null,-0.094, 1.192, -0.734,40.603, 1.923, 0.422,-0.117, 0.664, -0.727,33.368, 316.284, 13.396,-0.065, 0.448, 0.133,null,null,null
0.913,null,null,null,null,null,null,null,null,null,null,null,null,null,null,null,null,null,null,-0.094, 1.192, -0.734,40.603, 1.923, 0.422,-0.117, 0.664, -0.727,33.368, 316.284, 13.396,-0.065, 0.448, 0.133,null,null,null
0.920,null,null,null,null,null,null,null,null,null,null,null,null,null,null,null,null,null,null,-0.094, 1.192, -0.734,40.603, 1.923, 0.422,-0.117, 0.664, -0.727,33.368, 316.284, 13.396,-0.065, 0.448, 0.133,null,null,null
0.926,null,null,null,null,null,null,null,null,null,null,null,null,null,null,null,null,null,null,-0.094, 1.192, -0.734,40.603, 1.923, 0.422,-0.117, 0.664, -0.727,33.368, 316.284, 13.396,-0.065, 0.448, 0.133,null,null,null
0.932,null,null,null,null,null,null,null,null,null,null,null,null,null,null,null,null,null,null,-0.092, 1.188, -0.731,41.532, 2.412, 0.689,-0.117, 0.663, -0.726,33.350, 316.535, 13.577,-0.057, 0.444, 0.108,null,null,null
0.937,null,null,null,null,null,null,null,null,null,null,null,null,null,null,null,null,null,null,-0.085, 1.187, -0.730,41.794, 5.018, 1.885,-0.118, 0.662, -0.726,33.194, 316.609, 13.679,-0.007, 0.388, 0.160,null,null,null
0.944,null,null,null,null,null,null,null,null,null,null,null,null,null,null,null,null,null,null,-0.085, 1.187, -0.730,41.794, 5.018, 1.885,-0.118, 0.662, -0.726,33.194, 316.609, 13.679,-0.007, 0.388, 0.160,null,null,null
0.950,null,null,null,null,null,null,null,null,null,null,null,null,null,null,null,null,null,null,-0.085, 1.187, -0.730,41.794, 5.018, 1.885,-0.118, 0.662, -0.726,33.194, 316.609, 13.679,-0.007, 0.388, 0.160,null,null,null
0.956,null,null,null,null,null,null,null,null,null,null,null,null,null,null,null,null,null,null,-0.085, 1.187, -0.730,41.794, 5.018, 1.885,-0.118, 0.662, -0.726,33.194, 316.609, 13.679,-0.007, 0.388, 0.160,null,null,null
0.961,null,null,null,null,null,null,null,null,null,null,null,null,null,null,null,null,null,null,-0.085, 1.187, -0.730,41.794, 5.018, 1.885,-0.118, 0.662, -0.726,33.194, 316.609, 13.679,-0.007, 0.388, 0.160,null,null,null
0.967,null,null,null,null,null,null,null,null,null,null,null,null,null,null,null,null,null,null,-0.085, 1.187, -0.730,41.794, 5.018, 1.885,-0.118, 0.662, -0.726,33.194, 316.609, 13.679,-0.007, 0.388, 0.160,null,null,null
0.975,null,null,null,null,null,null,null,null,null,null,null,null,null,null,null,null,null,null,-0.085, 1.187, -0.730,41.794, 5.018, 1.885,-0.118, 0.662, -0.726,33.194, 316.609, 13.679,-0.007, 0.388, 0.160,null,null,null
0.981,null,null,null,null,null,null,null,null,null,null,null,null,null,null,null,null,null,null,-0.085, 1.187, -0.730,41.794, 5.018, 1.885,-0.118, 0.662, -0.726,33.194, 316.609, 13.679,-0.007, 0.388, 0.160,null,null,null
0.988,null,null,null,null,null,null,null,null,null,null,null,null,null,null,null,null,null,null,-0.085, 1.187, -0.730,41.794, 5.018, 1.885,-0.118, 0.662, -0.726,33.194, 316.609, 13.679,-0.007, 0.388, 0.160,null,null,null
0.994,null,null,null,null,null,null,null,null,null,null,null,null,null,null,null,null,null,null,-0.085, 1.187, -0.730,41.794, 5.018, 1.885,-0.118, 0.662, -0.726,33.194, 316.609, 13.679,-0.007, 0.388, 0.160,null,null,null
1.000,null,null,null,null,null,null,null,null,null,null,null,null,null,null,null,null,null,null,-0.085, 1.187, -0.730,41.794, 5.018, 1.885,-0.118, 0.662, -0.726,33.194, 316.609, 13.679,-0.007, 0.388, 0.160,null,null,null
1.007,null,null,null,null,null,null,null,null,null,null,null,null,null,null,null,null,null,null,-0.085, 1.187, -0.730,41.794, 5.018, 1.885,-0.118, 0.662, -0.726,33.194, 316.609, 13.679,-0.007, 0.388, 0.160,null,null,null
1.013,null,null,null,null,null,null,null,null,null,null,null,null,null,null,null,null,null,null,-0.085, 1.187, -0.730,41.794, 5.018, 1.885,-0.118, 0.662, -0.726,33.194, 316.609, 13.679,-0.007, 0.388, 0.160,null,null,null
1.019,null,null,null,null,null,null,null,null,null,null,null,null,null,null,null,null,null,null,-0.085, 1.187, -0.730,41.794, 5.018, 1.885,-0.118, 0.662, -0.726,33.194, 316.609, 13.679,-0.007, 0.388, 0.160,null,null,null
1.025,null,null,null,null,null,null,null,null,null,null,null,null,null,null,null,null,null,null,-0.085, 1.187, -0.730,41.794, 5.018, 1.885,-0.118, 0.662, -0.726,33.194, 316.609, 13.679,-0.007, 0.388, 0.160,null,null,null
1.031,null,null,null,null,null,null,null,null,null,null,null,null,null,null,null,null,null,null,-0.085, 1.187, -0.730,41.794, 5.018, 1.885,-0.118, 0.662, -0.726,33.194, 316.609, 13.679,-0.007, 0.388, 0.160,null,null,null
1.037,null,null,null,null,null,null,null,null,null,null,null,null,null,null,null,null,null,null,-0.085, 1.187, -0.730,41.794, 5.018, 1.885,-0.118, 0.662, -0.726,33.194, 316.609, 13.679,-0.007, 0.388, 0.160,null,null,null
1.043,null,null,null,null,null,null,null,null,null,null,null,null,null,null,null,null,null,null,-0.085, 1.187, -0.730,41.794, 5.018, 1.885,-0.118, 0.662, -0.726,33.194, 316.609, 13.679,-0.007, 0.388, 0.160,null,null,null
1.049,null,null,null,null,null,null,null,null,null,null,null,null,null,null,null,null,null,null,-0.081, 1.187, -0.729,41.410, 8.640, 3.756,-0.118, 0.662, -0.725,32.950, 316.372, 13.620,0.055, 0.388, 0.166,null,null,null
1.055,null,null,null,null,null,null,null,null,null,null,null,null,null,null,null,null,null,null,-0.073, 1.188, -0.731,40.690, 12.254, 4.944,-0.118, 0.661, -0.724,33.427, 316.045, 14.002,0.205, 0.062, 0.548,null,null,null
1.061,null,null,null,null,null,null,null,null,null,null,null,null,null,null,null,null,null,null,-0.073, 1.188, -0.731,40.690, 12.254, 4.944,-0.118, 0.661, -0.724,33.427, 316.045, 14.002,0.205, 0.062, 0.548,null,null,null
1.068,null,null,null,null,null,null,null,null,null,null,null,null,null,null,null,null,null,null,-0.073, 1.188, -0.731,40.690, 12.254, 4.944,-0.118, 0.661, -0.724,33.427, 316.045, 14.002,0.205, 0.062, 0.548,null,null,null
1.075,null,null,null,null,null,null,null,null,null,null,null,null,null,null,null,null,null,null,-0.073, 1.188, -0.731,40.690, 12.254, 4.944,-0.118, 0.661, -0.724,33.427, 316.045, 14.002,0.205, 0.062, 0.548,null,null,null
1.081,null,null,null,null,null,null,null,null,null,null,null,null,null,null,null,null,null,null,-0.073, 1.188, -0.731,40.690, 12.254, 4.944,-0.118, 0.661, -0.724,33.427, 316.045, 14.002,0.205, 0.062, 0.548,null,null,null
1.087,null,null,null,null,null,null,null,null,null,null,null,null,null,null,null,null,null,null,-0.073, 1.188, -0.731,40.690, 12.254, 4.944,-0.118, 0.661, -0.724,33.427, 316.045, 14.002,0.205, 0.062, 0.548,null,null,null
1.093,null,null,null,null,null,null,null,null,null,null,null,null,null,null,null,null,null,null,-0.073, 1.188, -0.731,40.690, 12.254, 4.944,-0.118, 0.661, -0.724,33.427, 316.045, 14.002,0.205, 0.062, 0.548,null,null,null
1.099,null,null,null,null,null,null,null,null,null,null,null,null,null,null,null,null,null,null,-0.073, 1.188, -0.731,40.690, 12.254, 4.944,-0.118, 0.661, -0.724,33.427, 316.045, 14.002,0.205, 0.062, 0.548,null,null,null
1.105,null,null,null,null,null,null,null,null,null,null,null,null,null,null,null,null,null,null,-0.073, 1.188, -0.731,40.690, 12.254, 4.944,-0.118, 0.661, -0.724,33.427, 316.045, 14.002,0.205, 0.062, 0.548,null,null,null
1.111,null,null,null,null,null,null,null,null,null,null,null,null,null,null,null,null,null,null,-0.073, 1.188, -0.731,40.690, 12.254, 4.944,-0.118, 0.661, -0.724,33.427, 316.045, 14.002,0.205, 0.062, 0.548,null,null,null
1.117,null,null,null,null,null,null,null,null,null,null,null,null,null,null,null,null,null,null,-0.073, 1.188, -0.731,40.690, 12.254, 4.944,-0.118, 0.661, -0.724,33.427, 316.045, 14.002,0.205, 0.062, 0.548,null,null,null
1.123,null,null,null,null,null,null,null,null,null,null,null,null,null,null,null,null,null,null,-0.073, 1.188, -0.731,40.690, 12.254, 4.944,-0.118, 0.661, -0.724,33.427, 316.045, 14.002,0.205, 0.062, 0.548,null,null,null
1.130,null,null,null,null,null,null,null,null,null,null,null,null,null,null,null,null,null,null,-0.073, 1.188, -0.731,40.690, 12.254, 4.944,-0.118, 0.661, -0.724,33.427, 316.045, 14.002,0.205, 0.062, 0.548,null,null,null
1.137,null,null,null,null,null,null,null,null,null,null,null,null,null,null,null,null,null,null,-0.073, 1.188, -0.731,40.690, 12.254, 4.944,-0.118, 0.661, -0.724,33.427, 316.045, 14.002,0.205, 0.062, 0.548,null,null,null
1.143,null,null,null,null,null,null,null,null,null,null,null,null,null,null,null,null,null,null,-0.073, 1.188, -0.731,40.690, 12.254, 4.944,-0.118, 0.661, -0.724,33.427, 316.045, 14.002,0.205, 0.062, 0.548,null,null,null
1.149,null,null,null,null,null,null,null,null,null,null,null,null,null,null,null,null,null,null,-0.073, 1.188, -0.731,40.690, 12.254, 4.944,-0.118, 0.661, -0.724,33.427, 316.045, 14.002,0.205, 0.062, 0.548,null,null,null
1.155,null,null,null,null,null,null,null,null,null,null,null,null,null,null,null,null,null,null,-0.073, 1.188, -0.731,40.690, 12.254, 4.944,-0.118, 0.661, -0.724,33.427, 316.045, 14.002,0.205, 0.062, 0.548,null,null,null
1.162,null,null,null,null,null,null,null,null,null,null,null,null,null,null,null,null,null,null,-0.073, 1.188, -0.731,40.690, 12.254, 4.944,-0.118, 0.661, -0.724,33.427, 316.045, 14.002,0.205, 0.062, 0.548,null,null,null
1.168,null,null,null,null,null,null,null,null,null,null,null,null,null,null,null,null,null,null,-0.068, 1.190, -0.732,39.925, 15.602, 6.438,-0.119, 0.660, -0.723,33.528, 316.032, 13.765,0.294, 0.062, 0.565,null,null,null
1.175,null,null,null,null,null,null,null,null,null,null,null,null,null,null,null,null,null,null,-0.065, 1.195, -0.732,38.692, 17.532, 7.181,-0.118, 0.660, -0.723,33.468, 316.198, 13.647,0.361, 0.062, 0.616,null,null,null
1.181,null,null,null,null,null,null,null,null,null,null,null,null,null,null,null,null,null,null,-0.061, 1.200, -0.737,36.631, 18.455, 7.018,-0.116, 0.660, -0.721,34.009, 316.679, 13.414,0.423, 0.062, 0.715,null,null,null
1.187,null,null,null,null,null,null,null,null,null,null,null,null,null,null,null,null,null,null,-0.060, 1.204, -0.741,35.169, 19.517, 7.552,-0.115, 0.659, -0.722,34.055, 317.080, 13.202,0.426, 0.179, 0.631,null,null,null
1.194,null,null,null,null,null,null,null,null,null,null,null,null,null,null,null,null,null,null,-0.060, 1.204, -0.741,35.169, 19.517, 7.552,-0.115, 0.659, -0.722,34.055, 317.080, 13.202,0.426, 0.179, 0.631,null,null,null
1.200,null,null,null,null,null,null,null,null,null,null,null,null,null,null,null,null,null,null,-0.060, 1.204, -0.741,35.169, 19.517, 7.552,-0.115, 0.659, -0.722,34.055, 317.080, 13.202,0.426, 0.179, 0.631,null,null,null
1.206,null,null,null,null,null,null,null,null,null,null,null,null,null,null,null,null,null,null,-0.060, 1.204, -0.741,35.169, 19.517, 7.552,-0.115, 0.659, -0.722,34.055, 317.080, 13.202,0.426, 0.179, 0.631,null,null,null
1.213,null,null,null,null,null,null,null,null,null,null,null,null,null,null,null,null,null,null,-0.060, 1.204, -0.741,35.169, 19.517, 7.552,-0.115, 0.659, -0.722,34.055, 317.080, 13.202,0.426, 0.179, 0.631,null,null,null
1.218,null,null,null,null,null,null,null,null,null,null,null,null,null,null,null,null,null,null,-0.060, 1.204, -0.741,35.169, 19.517, 7.552,-0.115, 0.659, -0.722,34.055, 317.080, 13.202,0.426, 0.179, 0.631,null,null,null
1.224,null,null,null,null,null,null,null,null,null,null,null,null,null,null,null,null,null,null,-0.060, 1.204, -0.741,35.169, 19.517, 7.552,-0.115, 0.659, -0.722,34.055, 317.080, 13.202,0.426, 0.179, 0.631,null,null,null
1.230,null,null,null,null,null,null,null,null,null,null,null,null,null,null,null,null,null,null,-0.060, 1.204, -0.741,35.169, 19.517, 7.552,-0.115, 0.659, -0.722,34.055, 317.080, 13.202,0.426, 0.179, 0.631,null,null,null
1.236,null,null,null,null,null,null,null,null,null,null,null,null,null,null,null,null,null,null,-0.060, 1.204, -0.741,35.169, 19.517, 7.552,-0.115, 0.659, -0.722,34.055, 317.080, 13.202,0.426, 0.179, 0.631,null,null,null
1.242,null,null,null,null,null,null,null,null,null,null,null,null,null,null,null,null,null,null,-0.060, 1.204, -0.741,35.169, 19.517, 7.552,-0.115, 0.659, -0.722,34.055, 317.080, 13.202,0.426, 0.179, 0.631,null,null,null
1.248,null,null,null,null,null,null,null,null,null,null,null,null,null,null,null,null,null,null,-0.057, 1.207, -0.743,34.144, 20.532, 7.939,-0.115, 0.659, -0.722,33.784, 317.493, 13.349,0.452, 0.223, 0.616,null,null,null
1.254,null,null,null,null,null,null,null,null,null,null,null,null,null,null,null,null,null,null,-0.056, 1.209, -0.744,33.367, 21.845, 8.773,-0.114, 0.659, -0.721,33.687, 317.454, 13.294,0.482, 0.256, 0.599,null,null,null
1.261,null,null,null,null,null,null,null,null,null,null,null,null,null,null,null,null,null,null,-0.056, 1.209, -0.744,33.367, 21.845, 8.773,-0.114, 0.659, -0.721,33.687, 317.454, 13.294,0.482, 0.256, 0.599,null,null,null
1.267,null,null,null,null,null,null,null,null,null,null,null,null,null,null,null,null,null,null,-0.056, 1.209, -0.744,33.367, 21.845, 8.773,-0.114, 0.659, -0.721,33.687, 317.454, 13.294,0.482, 0.256, 0.599,null,null,null
1.274,null,null,null,null,null,null,null,null,null,null,null,null,null,null,null,null,null,null,-0.056, 1.209, -0.744,33.367, 21.845, 8.773,-0.114, 0.659, -0.721,33.687, 317.454, 13.294,0.482, 0.256, 0.599,null,null,null
1.281,null,null,null,null,null,null,null,null,null,null,null,null,null,null,null,null,null,null,-0.056, 1.209, -0.744,33.367, 21.845, 8.773,-0.114, 0.659, -0.721,33.687, 317.454, 13.294,0.482, 0.256, 0.599,null,null,null
1.287,null,null,null,null,null,null,null,null,null,null,null,null,null,null,null,null,null,null,-0.056, 1.209, -0.744,33.367, 21.845, 8.773,-0.114, 0.659, -0.721,33.687, 317.454, 13.294,0.482, 0.256, 0.599,null,null,null
1.294,null,null,null,null,null,null,null,null,null,null,null,null,null,null,null,null,null,null,-0.056, 1.209, -0.744,33.367, 21.845, 8.773,-0.114, 0.659, -0.721,33.687, 317.454, 13.294,0.482, 0.256, 0.599,null,null,null
1.300,null,null,null,null,null,null,null,null,null,null,null,null,null,null,null,null,null,null,-0.056, 1.209, -0.744,33.367, 21.845, 8.773,-0.114, 0.659, -0.721,33.687, 317.454, 13.294,0.482, 0.256, 0.599,null,null,null
1.307,null,null,null,null,null,null,null,null,null,null,null,null,null,null,null,null,null,null,-0.056, 1.209, -0.744,33.367, 21.845, 8.773,-0.114, 0.659, -0.721,33.687, 317.454, 13.294,0.482, 0.256, 0.599,null,null,null
1.313,null,null,null,null,null,null,null,null,null,null,null,null,null,null,null,null,null,null,-0.056, 1.209, -0.744,33.367, 21.845, 8.773,-0.114, 0.659, -0.721,33.687, 317.454, 13.294,0.482, 0.256, 0.599,null,null,null
1.319,null,null,null,null,null,null,null,null,null,null,null,null,null,null,null,null,null,null,-0.056, 1.209, -0.744,33.367, 21.845, 8.773,-0.114, 0.659, -0.721,33.687, 317.454, 13.294,0.482, 0.256, 0.599,null,null,null
1.325,null,null,null,null,null,null,null,null,null,null,null,null,null,null,null,null,null,null,-0.056, 1.209, -0.744,33.367, 21.845, 8.773,-0.114, 0.659, -0.721,33.687, 317.454, 13.294,0.482, 0.256, 0.599,null,null,null
1.332,null,null,null,null,null,null,null,null,null,null,null,null,null,null,null,null,null,null,-0.056, 1.209, -0.744,33.367, 21.845, 8.773,-0.114, 0.659, -0.721,33.687, 317.454, 13.294,0.482, 0.256, 0.599,null,null,null
1.338,null,null,null,null,null,null,null,null,null,null,null,null,null,null,null,null,null,null,-0.056, 1.209, -0.744,33.367, 21.845, 8.773,-0.114, 0.659, -0.721,33.687, 317.454, 13.294,0.482, 0.256, 0.599,null,null,null
1.344,null,null,null,null,null,null,null,null,null,null,null,null,null,null,null,null,null,null,-0.056, 1.209, -0.744,33.367, 21.845, 8.773,-0.114, 0.659, -0.721,33.687, 317.454, 13.294,0.482, 0.256, 0.599,null,null,null
1.350,null,null,null,null,null,null,null,null,null,null,null,null,null,null,null,null,null,null,-0.056, 1.209, -0.744,33.367, 21.845, 8.773,-0.114, 0.659, -0.721,33.687, 317.454, 13.294,0.482, 0.256, 0.599,null,null,null
1.357,null,null,null,null,null,null,null,null,null,null,null,null,null,null,null,null,null,null,-0.056, 1.209, -0.744,33.367, 21.845, 8.773,-0.114, 0.659, -0.721,33.687, 317.454, 13.294,0.482, 0.256, 0.599,null,null,null
1.363,null,null,null,null,null,null,null,null,null,null,null,null,null,null,null,null,null,null,-0.056, 1.209, -0.744,33.367, 21.845, 8.773,-0.114, 0.659, -0.721,33.687, 317.454, 13.294,0.482, 0.256, 0.599,null,null,null
1.368,null,null,null,null,null,null,null,null,null,null,null,null,null,null,null,null,null,null,-0.056, 1.209, -0.744,33.367, 21.845, 8.773,-0.114, 0.659, -0.721,33.687, 317.454, 13.294,0.482, 0.256, 0.599,null,null,null
1.374,null,null,null,null,null,null,null,null,null,null,null,null,null,null,null,null,null,null,-0.056, 1.209, -0.744,33.367, 21.845, 8.773,-0.114, 0.659, -0.721,33.687, 317.454, 13.294,0.482, 0.256, 0.599,null,null,null
1.381,null,null,null,null,null,null,null,null,null,null,null,null,null,null,null,null,null,null,-0.056, 1.209, -0.744,33.367, 21.845, 8.773,-0.114, 0.659, -0.721,33.687, 317.454, 13.294,0.482, 0.256, 0.599,null,null,null
1.387,null,null,null,null,null,null,null,null,null,null,null,null,null,null,null,null,null,null,-0.056, 1.209, -0.744,33.367, 21.845, 8.773,-0.114, 0.659, -0.721,33.687, 317.454, 13.294,0.482, 0.256, 0.599,null,null,null
1.393,null,null,null,null,null,null,null,null,null,null,null,null,null,null,null,null,null,null,-0.056, 1.209, -0.744,33.367, 21.845, 8.773,-0.114, 0.659, -0.721,33.687, 317.454, 13.294,0.482, 0.256, 0.599,null,null,null
1.400,null,null,null,null,null,null,null,null,null,null,null,null,null,null,null,null,null,null,-0.056, 1.209, -0.744,33.367, 21.845, 8.773,-0.114, 0.659, -0.721,33.687, 317.454, 13.294,0.482, 0.256, 0.599,null,null,null
1.406,null,null,null,null,null,null,null,null,null,null,null,null,null,null,null,null,null,null,-0.056, 1.209, -0.744,33.367, 21.845, 8.773,-0.114, 0.659, -0.721,33.687, 317.454, 13.294,0.482, 0.256, 0.599,null,null,null
1.413,null,null,null,null,null,null,null,null,null,null,null,null,null,null,null,null,null,null,-0.056, 1.208, -0.744,33.478, 22.136, 8.908,-0.114, 0.660, -0.720,33.174, 317.173, 13.445,0.488, 0.252, 0.595,null,null,null
1.419,null,null,null,null,null,null,null,null,null,null,null,null,null,null,null,null,null,null,-0.059, 1.207, -0.742,34.048, 21.267, 8.819,-0.113, 0.661, -0.719,32.652, 316.921, 13.762,0.466, 0.228, 0.608,null,null,null
1.425,null,null,null,null,null,null,null,null,null,null,null,null,null,null,null,null,null,null,-0.063, 1.206, -0.741,34.748, 18.838, 7.645,-0.113, 0.662, -0.718,32.525, 317.001, 14.059,0.409, 0.193, 0.641,null,null,null
1.432,null,null,null,null,null,null,null,null,null,null,null,null,null,null,null,null,null,null,-0.063, 1.206, -0.741,34.748, 18.838, 7.645,-0.113, 0.662, -0.718,32.525, 317.001, 14.059,0.409, 0.193, 0.641,null,null,null
1.438,null,null,null,null,null,null,null,null,null,null,null,null,null,null,null,null,null,null,-0.063, 1.206, -0.741,34.748, 18.838, 7.645,-0.113, 0.662, -0.718,32.525, 317.001, 14.059,0.409, 0.193, 0.641,null,null,null
1.444,null,null,null,null,null,null,null,null,null,null,null,null,null,null,null,null,null,null,-0.063, 1.206, -0.741,34.748, 18.838, 7.645,-0.113, 0.662, -0.718,32.525, 317.001, 14.059,0.409, 0.193, 0.641,null,null,null
1.450,null,null,null,null,null,null,null,null,null,null,null,null,null,null,null,null,null,null,-0.063, 1.206, -0.741,34.748, 18.838, 7.645,-0.113, 0.662, -0.718,32.525, 317.001, 14.059,0.409, 0.193, 0.641,null,null,null
1.457,null,null,null,null,null,null,null,null,null,null,null,null,null,null,null,null,null,null,-0.063, 1.206, -0.741,34.748, 18.838, 7.645,-0.113, 0.662, -0.718,32.525, 317.001, 14.059,0.409, 0.193, 0.641,null,null,null
1.462,null,null,null,null,null,null,null,null,null,null,null,null,null,null,null,null,null,null,-0.063, 1.206, -0.741,34.748, 18.838, 7.645,-0.113, 0.662, -0.718,32.525, 317.001, 14.059,0.409, 0.193, 0.641,null,null,null
1.468,null,null,null,null,null,null,null,null,null,null,null,null,null,null,null,null,null,null,-0.063, 1.206, -0.741,34.748, 18.838, 7.645,-0.113, 0.662, -0.718,32.525, 317.001, 14.059,0.409, 0.193, 0.641,null,null,null
1.475,null,null,null,null,null,null,null,null,null,null,null,null,null,null,null,null,null,null,-0.063, 1.206, -0.741,34.748, 18.838, 7.645,-0.113, 0.662, -0.718,32.525, 317.001, 14.059,0.409, 0.193, 0.641,null,null,null
1.481,null,null,null,null,null,null,null,null,null,null,null,null,null,null,null,null,null,null,-0.063, 1.206, -0.741,34.748, 18.838, 7.645,-0.113, 0.662, -0.718,32.525, 317.001, 14.059,0.409, 0.193, 0.641,null,null,null
1.487,null,null,null,null,null,null,null,null,null,null,null,null,null,null,null,null,null,null,-0.063, 1.206, -0.741,34.748, 18.838, 7.645,-0.113, 0.662, -0.718,32.525, 317.001, 14.059,0.409, 0.193, 0.641,null,null,null
1.494,null,null,null,null,null,null,null,null,null,null,null,null,null,null,null,null,null,null,-0.063, 1.206, -0.741,34.748, 18.838, 7.645,-0.113, 0.662, -0.718,32.525, 317.001, 14.059,0.409, 0.193, 0.641,null,null,null
1.500,null,null,null,null,null,null,null,null,null,null,null,null,null,null,null,null,null,null,-0.063, 1.206, -0.741,34.748, 18.838, 7.645,-0.113, 0.662, -0.718,32.525, 317.001, 14.059,0.409, 0.193, 0.641,null,null,null
1.505,null,null,null,null,null,null,null,null,null,null,null,null,null,null,null,null,null,null,-0.063, 1.206, -0.741,34.748, 18.838, 7.645,-0.113, 0.662, -0.718,32.525, 317.001, 14.059,0.409, 0.193, 0.641,null,null,null
1.511,null,null,null,null,null,null,null,null,null,null,null,null,null,null,null,null,null,null,-0.063, 1.206, -0.741,34.748, 18.838, 7.645,-0.113, 0.662, -0.718,32.525, 317.001, 14.059,0.409, 0.193, 0.641,null,null,null
1.518,null,null,null,null,null,null,null,null,null,null,null,null,null,null,null,null,null,null,-0.063, 1.206, -0.741,34.748, 18.838, 7.645,-0.113, 0.662, -0.718,32.525, 317.001, 14.059,0.409, 0.193, 0.641,null,null,null
1.524,null,null,null,null,null,null,null,null,null,null,null,null,null,null,null,null,null,null,-0.063, 1.206, -0.741,34.748, 18.838, 7.645,-0.113, 0.662, -0.718,32.525, 317.001, 14.059,0.409, 0.193, 0.641,null,null,null
1.530,null,null,null,null,null,null,null,null,null,null,null,null,null,null,null,null,null,null,-0.068, 1.204, -0.740,35.600, 15.855, 6.478,-0.113, 0.663, -0.717,32.548, 317.236, 14.253,0.368, 0.062, 0.794,null,null,null
1.536,null,null,null,null,null,null,null,null,null,null,null,null,null,null,null,null,null,null,-0.077, 1.201, -0.736,36.841, 11.208, 4.828,-0.112, 0.663, -0.717,32.523, 317.479, 14.267,0.218, 0.062, 0.755,null,null,null
1.542,null,null,null,null,null,null,null,null,null,null,null,null,null,null,null,null,null,null,-0.077, 1.201, -0.736,36.841, 11.208, 4.828,-0.112, 0.663, -0.717,32.523, 317.479, 14.267,0.218, 0.062, 0.755,null,null,null
1.548,null,null,null,null,null,null,null,null,null,null,null,null,null,null,null,null,null,null,-0.077, 1.201, -0.736,36.841, 11.208, 4.828,-0.112, 0.663, -0.717,32.523, 317.479, 14.267,0.218, 0.062, 0.755,null,null,null
1.554,null,null,null,null,null,null,null,null,null,null,null,null,null,null,null,null,null,null,-0.077, 1.201, -0.736,36.841, 11.208, 4.828,-0.112, 0.663, -0.717,32.523, 317.479, 14.267,0.218, 0.062, 0.755,null,null,null
1.561,null,null,null,null,null,null,null,null,null,null,null,null,null,null,null,null,null,null,-0.077, 1.201, -0.736,36.841, 11.208, 4.828,-0.112, 0.663, -0.717,32.523, 317.479, 14.267,0.218, 0.062, 0.755,null,null,null
1.567,null,null,null,null,null,null,null,null,null,null,null,null,null,null,null,null,null,null,-0.088, 1.198, -0.734,37.792, 5.862, 2.991,-0.112, 0.664, -0.717,32.449, 317.547, 14.042,0.062, 0.062, 0.723,null,null,null
1.573,null,null,null,null,null,null,null,null,null,null,null,null,null,null,null,null,null,null,-0.099, 1.195, -0.733,38.903, 359.708, 0.358,-0.112, 0.665, -0.718,32.182, 317.468, 13.967,-0.104, 0.448, 0.193,null,null,null
1.579,null,null,null,null,null,null,null,null,null,null,null,null,null,null,null,null,null,null,-0.099, 1.195, -0.733,38.903, 359.708, 0.358,-0.112, 0.665, -0.718,32.182, 317.468, 13.967,-0.104, 0.448, 0.193,null,null,null
1.586,null,null,null,null,null,null,null,null,null,null,null,null,null,null,null,null,null,null,-0.099, 1.195, -0.733,38.903, 359.708, 0.358,-0.112, 0.665, -0.718,32.182, 317.468, 13.967,-0.104, 0.448, 0.193,null,null,null
1.593,null,null,null,null,null,null,null,null,null,null,null,null,null,null,null,null,null,null,-0.099, 1.195, -0.733,38.903, 359.708, 0.358,-0.112, 0.665, -0.718,32.182, 317.468, 13.967,-0.104, 0.448, 0.193,null,null,null
1.600,null,null,null,null,null,null,null,null,null,null,null,null,null,null,null,null,null,null,-0.099, 1.195, -0.733,38.903, 359.708, 0.358,-0.112, 0.665, -0.718,32.182, 317.468, 13.967,-0.104, 0.448, 0.193,null,null,null
1.607,null,null,null,null,null,null,null,null,null,null,null,null,null,null,null,null,null,null,-0.099, 1.195, -0.733,38.903, 359.708, 0.358,-0.112, 0.665, -0.718,32.182, 317.468, 13.967,-0.104, 0.448, 0.193,null,null,null
1.613,null,null,null,null,null,null,null,null,null,null,null,null,null,null,null,null,null,null,-0.099, 1.195, -0.733,38.903, 359.708, 0.358,-0.112, 0.665, -0.718,32.182, 317.468, 13.967,-0.104, 0.448, 0.193,null,null,null
1.619,null,null,null,null,null,null,null,null,null,null,null,null,null,null,null,null,null,null,-0.099, 1.195, -0.733,38.903, 359.708, 0.358,-0.112, 0.665, -0.718,32.182, 317.468, 13.967,-0.104, 0.448, 0.193,null,null,null
1.625,null,null,null,null,null,null,null,null,null,null,null,null,null,null,null,null,null,null,-0.099, 1.195, -0.733,38.903, 359.708, 0.358,-0.112, 0.665, -0.718,32.182, 317.468, 13.967,-0.104, 0.448, 0.193,null,null,null
1.631,null,null,null,null,null,null,null,null,null,null,null,null,null,null,null,null,null,null,-0.099, 1.195, -0.733,38.903, 359.708, 0.358,-0.112, 0.665, -0.718,32.182, 317.468, 13.967,-0.104, 0.448, 0.193,null,null,null
1.637,null,null,null,null,null,null,null,null,null,null,null,null,null,null,null,null,null,null,-0.099, 1.195, -0.733,38.903, 359.708, 0.358,-0.112, 0.665, -0.718,32.182, 317.468, 13.967,-0.104, 0.448, 0.193,null,null,null
1.643,null,null,null,null,null,null,null,null,null,null,null,null,null,null,null,null,null,null,-0.099, 1.195, -0.733,38.903, 359.708, 0.358,-0.112, 0.665, -0.718,32.182, 317.468, 13.967,-0.104, 0.448, 0.193,null,null,null
1.650,null,null,null,null,null,null,null,null,null,null,null,null,null,null,null,null,null,null,-0.107, 1.194, -0.732,39.626, 354.739, 358.209,-0.113, 0.668, -0.718,32.051, 317.410, 14.489,-0.189, 0.448, 0.164,null,null,null
1.657,null,null,null,null,null,null,null,null,null,null,null,null,null,null,null,null,null,null,-0.117, 1.191, -0.732,40.285, 350.578, 356.498,-0.114, 0.674, -0.718,31.873, 318.630, 16.636,-0.335, 0.062, 0.581,null,null,null
1.663,null,null,null,null,null,null,null,null,null,null,null,null,null,null,null,null,null,null,-0.122, 1.189, -0.732,40.743, 347.168, 354.605,-0.115, 0.681, -0.718,30.220, 321.239, 20.070,-0.412, 0.062, 0.543,null,null,null
1.669,null,null,null,null,null,null,null,null,null,null,null,null,null,null,null,null,null,null,-0.122, 1.189, -0.732,40.743, 347.168, 354.605,-0.115, 0.681, -0.718,30.220, 321.239, 20.070,-0.412, 0.062, 0.543,null,null,null
1.675,null,null,null,null,null,null,null,null,null,null,null,null,null,null,null,null,null,null,-0.122, 1.189, -0.732,40.743, 347.168, 354.605,-0.115, 0.681, -0.718,30.220, 321.239, 20.070,-0.412, 0.062, 0.543,null,null,null
1.681,null,null,null,null,null,null,null,null,null,null,null,null,null,null,null,null,null,null,-0.122, 1.189, -0.732,40.743, 347.168, 354.605,-0.115, 0.681, -0.718,30.220, 321.239, 20.070,-0.412, 0.062, 0.543,null,null,null
1.687,null,null,null,null,null,null,null,null,null,null,null,null,null,null,null,null,null,null,-0.122, 1.189, -0.732,40.743, 347.168, 354.605,-0.115, 0.681, -0.718,30.220, 321.239, 20.070,-0.412, 0.062, 0.543,null,null,null
1.693,null,null,null,null,null,null,null,null,null,null,null,null,null,null,null,null,null,null,-0.122, 1.189, -0.732,40.743, 347.168, 354.605,-0.115, 0.681, -0.718,30.220, 321.239, 20.070,-0.412, 0.062, 0.543,null,null,null
1.699,null,null,null,null,null,null,null,null,null,null,null,null,null,null,null,null,null,null,-0.122, 1.189, -0.732,40.743, 347.168, 354.605,-0.115, 0.681, -0.718,30.220, 321.239, 20.070,-0.412, 0.062, 0.543,null,null,null
1.705,null,null,null,null,null,null,null,null,null,null,null,null,null,null,null,null,null,null,-0.122, 1.189, -0.732,40.743, 347.168, 354.605,-0.115, 0.681, -0.718,30.220, 321.239, 20.070,-0.412, 0.062, 0.543,null,null,null
1.711,null,null,null,null,null,null,null,null,null,null,null,null,null,null,null,null,null,null,-0.122, 1.189, -0.732,40.743, 347.168, 354.605,-0.115, 0.681, -0.718,30.220, 321.239, 20.070,-0.412, 0.062, 0.543,null,null,null
1.717,null,null,null,null,null,null,null,null,null,null,null,null,null,null,null,null,null,null,-0.122, 1.189, -0.732,40.743, 347.168, 354.605,-0.115, 0.681, -0.718,30.220, 321.239, 20.070,-0.412, 0.062, 0.543,null,null,null
1.724,null,null,null,null,null,null,null,null,null,null,null,null,null,null,null,null,null,null,-0.122, 1.189, -0.732,40.743, 347.168, 354.605,-0.115, 0.681, -0.718,30.220, 321.239, 20.070,-0.412, 0.062, 0.543,null,null,null
1.730,null,null,null,null,null,null,null,null,null,null,null,null,null,null,null,null,null,null,-0.122, 1.189, -0.732,40.743, 347.168, 354.605,-0.115, 0.681, -0.718,30.220, 321.239, 20.070,-0.412, 0.062, 0.543,null,null,null
1.737,null,null,null,null,null,null,null,null,null,null,null,null,null,null,null,null,null,null,-0.122, 1.189, -0.732,40.743, 347.168, 354.605,-0.115, 0.681, -0.718,30.220, 321.239, 20.070,-0.412, 0.062, 0.543,null,null,null
1.743,null,null,null,null,null,null,null,null,null,null,null,null,null,null,null,null,null,null,-0.122, 1.189, -0.732,40.743, 347.168, 354.605,-0.115, 0.681, -0.718,30.220, 321.239, 20.070,-0.412, 0.062, 0.543,null,null,null
1.749,null,null,null,null,null,null,null,null,null,null,null,null,null,null,null,null,null,null,-0.122, 1.189, -0.732,40.743, 347.168, 354.605,-0.115, 0.681, -0.718,30.220, 321.239, 20.070,-0.412, 0.062, 0.543,null,null,null
1.755,null,null,null,null,null,null,null,null,null,null,null,null,null,null,null,null,null,null,-0.122, 1.189, -0.732,40.743, 347.168, 354.605,-0.115, 0.681, -0.718,30.220, 321.239, 20.070,-0.412, 0.062, 0.543,null,null,null
1.762,null,null,null,null,null,null,null,null,null,null,null,null,null,null,null,null,null,null,-0.122, 1.189, -0.732,40.743, 347.168, 354.605,-0.115, 0.681, -0.718,30.220, 321.239, 20.070,-0.412, 0.062, 0.543,null,null,null
1.767,null,null,null,null,null,null,null,null,null,null,null,null,null,null,null,null,null,null,-0.122, 1.189, -0.732,40.743, 347.168, 354.605,-0.115, 0.681, -0.718,30.220, 321.239, 20.070,-0.412, 0.062, 0.543,null,null,null
1.773,null,null,null,null,null,null,null,null,null,null,null,null,null,null,null,null,null,null,-0.122, 1.189, -0.732,40.743, 347.168, 354.605,-0.115, 0.681, -0.718,30.220, 321.239, 20.070,-0.412, 0.062, 0.543,null,null,null
1.779,null,null,null,null,null,null,null,null,null,null,null,null,null,null,null,null,null,null,-0.122, 1.189, -0.732,40.743, 347.168, 354.605,-0.115, 0.681, -0.718,30.220, 321.239, 20.070,-0.412, 0.062, 0.543,null,null,null
1.785,null,null,null,null,null,null,null,null,null,null,null,null,null,null,null,null,null,null,-0.122, 1.189, -0.732,40.743, 347.168, 354.605,-0.115, 0.681, -0.718,30.220, 321.239, 20.070,-0.412, 0.062, 0.543,null,null,null
1.792,null,null,null,null,null,null,null,null,null,null,null,null,null,null,null,null,null,null,-0.122, 1.189, -0.732,40.743, 347.168, 354.605,-0.115, 0.681, -0.718,30.220, 321.239, 20.070,-0.412, 0.062, 0.543,null,null,null
1.799,null,null,null,null,null,null,null,null,null,null,null,null,null,null,null,null,null,null,-0.122, 1.189, -0.732,40.743, 347.168, 354.605,-0.115, 0.681, -0.718,30.220, 321.239, 20.070,-0.412, 0.062, 0.543,null,null,null
1.806,null,null,null,null,null,null,null,null,null,null,null,null,null,null,null,null,null,null,-0.122, 1.189, -0.732,40.743, 347.168, 354.605,-0.115, 0.681, -0.718,30.220, 321.239, 20.070,-0.412, 0.062, 0.543,null,null,null
1.813,null,null,null,null,null,null,null,null,null,null,null,null,null,null,null,null,null,null,-0.128, 1.187, -0.732,41.264, 344.469, 353.468,-0.117, 0.687, -0.719,36.494, 320.841, 11.733,-0.472, 0.062, 0.502,null,null,null
1.819,null,null,null,null,null,null,null,null,null,null,null,null,null,null,null,null,null,null,-0.133, 1.185, -0.732,41.593, 342.321, 352.481,-0.117, 0.687, -0.718,30.946, 328.254, 13.999,-0.517, 0.062, 0.473,null,null,null
1.826,null,null,null,null,null,null,null,null,null,null,null,null,null,null,null,null,null,null,-0.133, 1.185, -0.732,41.593, 342.321, 352.481,-0.117, 0.687, -0.718,30.946, 328.254, 13.999,-0.517, 0.062, 0.473,null,null,null
1.832,null,null,null,null,null,null,null,null,null,null,null,null,null,null,null,null,null,null,-0.133, 1.185, -0.732,41.593, 342.321, 352.481,-0.117, 0.687, -0.718,30.946, 328.254, 13.999,-0.517, 0.062, 0.473,null,null,null
1.838,null,null,null,null,null,null,null,null,null,null,null,null,null,null,null,null,null,null,-0.133, 1.185, -0.732,41.593, 342.321, 352.481,-0.117, 0.687, -0.718,30.946, 328.254, 13.999,-0.517, 0.062, 0.473,null,null,null
1.844,null,null,null,null,null,null,null,null,null,null,null,null,null,null,null,null,null,null,-0.133, 1.185, -0.732,41.593, 342.321, 352.481,-0.117, 0.687, -0.718,30.946, 328.254, 13.999,-0.517, 0.062, 0.473,null,null,null
1.850,null,null,null,null,null,null,null,null,null,null,null,null,null,null,null,null,null,null,-0.136, 1.184, -0.732,41.714, 341.072, 351.998,-0.118, 0.687, -0.718,27.995, 328.151, 16.852,-0.545, 0.062, 0.458,null,null,null
1.856,null,null,null,null,null,null,null,null,null,null,null,null,null,null,null,null,null,null,-0.139, 1.183, -0.733,41.782, 340.386, 351.938,-0.118, 0.687, -0.718,27.095, 329.187, 18.958,-0.560, 0.062, 0.448,null,null,null
1.863,null,null,null,null,null,null,null,null,null,null,null,null,null,null,null,null,null,null,-0.139, 1.183, -0.733,41.782, 340.386, 351.938,-0.118, 0.687, -0.718,27.095, 329.187, 18.958,-0.560, 0.062, 0.448,null,null,null
1.869,null,null,null,null,null,null,null,null,null,null,null,null,null,null,null,null,null,null,-0.139, 1.183, -0.733,41.782, 340.386, 351.938,-0.118, 0.687, -0.718,27.095, 329.187, 18.958,-0.560, 0.062, 0.448,null,null,null
1.875,null,null,null,null,null,null,null,null,null,null,null,null,null,null,null,null,null,null,-0.139, 1.183, -0.733,41.782, 340.386, 351.938,-0.118, 0.687, -0.718,27.095, 329.187, 18.958,-0.560, 0.062, 0.448,null,null,null
1.881,null,null,null,null,null,null,null,null,null,null,null,null,null,null,null,null,null,null,-0.139, 1.183, -0.733,41.782, 340.386, 351.938,-0.118, 0.687, -0.718,27.095, 329.187, 18.958,-0.560, 0.062, 0.448,null,null,null
1.888,null,null,null,null,null,null,null,null,null,null,null,null,null,null,null,null,null,null,-0.139, 1.183, -0.733,41.782, 340.386, 351.938,-0.118, 0.687, -0.718,27.095, 329.187, 18.958,-0.560, 0.062, 0.448,null,null,null
1.894,null,null,null,null,null,null,null,null,null,null,null,null,null,null,null,null,null,null,-0.139, 1.183, -0.733,41.782, 340.386, 351.938,-0.118, 0.687, -0.718,27.095, 329.187, 18.958,-0.560, 0.062, 0.448,null,null,null
1.900,null,null,null,null,null,null,null,null,null,null,null,null,null,null,null,null,null,null,-0.139, 1.183, -0.733,41.782, 340.386, 351.938,-0.118, 0.687, -0.718,27.095, 329.187, 18.958,-0.560, 0.062, 0.448,null,null,null
1.907,null,null,null,null,null,null,null,null,null,null,null,null,null,null,null,null,null,null,-0.139, 1.183, -0.733,41.782, 340.386, 351.938,-0.118, 0.687, -0.718,27.095, 329.187, 18.958,-0.560, 0.062, 0.448,null,null,null
1.913,null,null,null,null,null,null,null,null,null,null,null,null,null,null,null,null,null,null,-0.139, 1.183, -0.733,41.782, 340.386, 351.938,-0.118, 0.687, -0.718,27.095, 329.187, 18.958,-0.560, 0.062, 0.448,null,null,null
1.919,null,null,null,null,null,null,null,null,null,null,null,null,null,null,null,null,null,null,-0.139, 1.183, -0.733,41.782, 340.386, 351.938,-0.118, 0.687, -0.718,27.095, 329.187, 18.958,-0.560, 0.062, 0.448,null,null,null
1.925,null,null,null,null,null,null,null,null,null,null,null,null,null,null,null,null,null,null,-0.142, 1.183, -0.734,42.052, 339.719, 351.794,-0.119, 0.688, -0.718,25.960, 327.716, 16.117,-0.572, 0.062, 0.431,null,null,null
1.931,null,null,null,null,null,null,null,null,null,null,null,null,null,null,null,null,null,null,-0.142, 1.182, -0.734,42.142, 339.534, 351.844,-0.120, 0.687, -0.718,27.164, 331.203, 19.117,-0.575, 0.062, 0.426,null,null,null
1.937,null,null,null,null,null,null,null,null,null,null,null,null,null,null,null,null,null,null,-0.142, 1.182, -0.734,42.193, 339.924, 352.187,-0.136, 0.686, -0.742,28.450, 335.092, 19.798,-0.566, 0.062, 0.426,null,null,null
1.943,null,null,null,null,null,null,null,null,null,null,null,null,null,null,null,null,null,null,-0.142, 1.182, -0.734,42.193, 339.924, 352.187,-0.136, 0.686, -0.742,28.450, 335.092, 19.798,-0.566, 0.062, 0.426,null,null,null
1.950,null,null,null,null,null,null,null,null,null,null,null,null,null,null,null,null,null,null,-0.142, 1.182, -0.734,42.193, 339.924, 352.187,-0.136, 0.686, -0.742,28.450, 335.092, 19.798,-0.566, 0.062, 0.426,null,null,null
1.956,null,null,null,null,null,null,null,null,null,null,null,null,null,null,null,null,null,null,-0.142, 1.182, -0.734,42.193, 339.924, 352.187,-0.136, 0.686, -0.742,28.450, 335.092, 19.798,-0.566, 0.062, 0.426,null,null,null
1.962,null,null,null,null,null,null,null,null,null,null,null,null,null,null,null,null,null,null,-0.142, 1.182, -0.734,42.193, 339.924, 352.187,-0.136, 0.686, -0.742,28.450, 335.092, 19.798,-0.566, 0.062, 0.426,null,null,null
1.968,null,null,null,null,null,null,null,null,null,null,null,null,null,null,null,null,null,null,-0.142, 1.182, -0.734,42.193, 339.924, 352.187,-0.136, 0.686, -0.742,28.450, 335.092, 19.798,-0.566, 0.062, 0.426,null,null,null
1.975,null,null,null,null,null,null,null,null,null,null,null,null,null,null,null,null,null,null,-0.142, 1.182, -0.734,42.193, 339.924, 352.187,-0.136, 0.686, -0.742,28.450, 335.092, 19.798,-0.566, 0.062, 0.426,null,null,null
1.981,null,null,null,null,null,null,null,null,null,null,null,null,null,null,null,null,null,null,-0.142, 1.182, -0.734,42.193, 339.924, 352.187,-0.136, 0.686, -0.742,28.450, 335.092, 19.798,-0.566, 0.062, 0.426,null,null,null
1.987,null,null,null,null,null,null,null,null,null,null,null,null,null,null,null,null,null,null,-0.142, 1.182, -0.734,42.193, 339.924, 352.187,-0.136, 0.686, -0.742,28.450, 335.092, 19.798,-0.566, 0.062, 0.426,null,null,null
1.994,null,null,null,null,null,null,null,null,null,null,null,null,null,null,null,null,null,null,-0.142, 1.182, -0.734,42.193, 339.924, 352.187,-0.136, 0.686, -0.742,28.450, 335.092, 19.798,-0.566, 0.062, 0.426,null,null,null
2.000,null,null,null,null,null,null,null,null,null,null,null,null,null,null,null,null,null,null,-0.142, 1.182, -0.734,42.193, 339.924, 352.187,-0.136, 0.686, -0.742,28.450, 335.092, 19.798,-0.566, 0.062, 0.426,null,null,null
2.007,null,null,null,null,null,null,null,null,null,null,null,null,null,null,null,null,null,null,-0.142, 1.182, -0.734,42.193, 339.924, 352.187,-0.136, 0.686, -0.742,28.450, 335.092, 19.798,-0.566, 0.062, 0.426,null,null,null
2.013,null,null,null,null,null,null,null,null,null,null,null,null,null,null,null,null,null,null,-0.142, 1.182, -0.734,42.193, 339.924, 352.187,-0.136, 0.686, -0.742,28.450, 335.092, 19.798,-0.566, 0.062, 0.426,null,null,null
2.020,null,null,null,null,null,null,null,null,null,null,null,null,null,null,null,null,null,null,-0.142, 1.182, -0.734,42.193, 339.924, 352.187,-0.136, 0.686, -0.742,28.450, 335.092, 19.798,-0.566, 0.062, 0.426,null,null,null
2.027,null,null,null,null,null,null,null,null,null,null,null,null,null,null,null,null,null,null,-0.142, 1.182, -0.734,42.193, 339.924, 352.187,-0.136, 0.686, -0.742,28.450, 335.092, 19.798,-0.566, 0.062, 0.426,null,null,null
2.033,null,null,null,null,null,null,null,null,null,null,null,null,null,null,null,null,null,null,-0.142, 1.182, -0.734,42.193, 339.924, 352.187,-0.136, 0.686, -0.742,28.450, 335.092, 19.798,-0.566, 0.062, 0.426,null,null,null
2.039,null,null,null,null,null,null,null,null,null,null,null,null,null,null,null,null,null,null,-0.142, 1.182, -0.734,42.193, 339.924, 352.187,-0.136, 0.686, -0.742,28.450, 335.092, 19.798,-0.566, 0.062, 0.426,null,null,null
2.045,null,null,null,null,null,null,null,null,null,null,null,null,null,null,null,null,null,null,-0.142, 1.182, -0.734,42.193, 339.924, 352.187,-0.136, 0.686, -0.742,28.450, 335.092, 19.798,-0.566, 0.062, 0.426,null,null,null
2.052,null,null,null,null,null,null,null,null,null,null,null,null,null,null,null,null,null,null,-0.141, 1.182, -0.734,42.291, 340.738, 352.568,-0.131, 0.684, -0.747,29.447, 338.130, 18.286,-0.547, 0.062, 0.428,null,null,null
2.058,null,null,null,null,null,null,null,null,null,null,null,null,null,null,null,null,null,null,-0.139, 1.182, -0.734,42.363, 342.096, 353.351,-0.126, 0.680, -0.748,30.627, 337.899, 16.166,-0.516, 0.062, 0.435,null,null,null
2.065,null,null,null,null,null,null,null,null,null,null,null,null,null,null,null,null,null,null,-0.138, 1.183, -0.734,42.274, 343.470, 354.210,-0.121, 0.679, -0.746,30.475, 338.609, 17.130,-0.489, 0.062, 0.448,null,null,null
2.071,null,null,null,null,null,null,null,null,null,null,null,null,null,null,null,null,null,null,-0.138, 1.183, -0.734,42.274, 343.470, 354.210,-0.121, 0.679, -0.746,30.475, 338.609, 17.130,-0.489, 0.062, 0.448,null,null,null
2.077,null,null,null,null,null,null,null,null,null,null,null,null,null,null,null,null,null,null,-0.138, 1.183, -0.734,42.274, 343.470, 354.210,-0.121, 0.679, -0.746,30.475, 338.609, 17.130,-0.489, 0.062, 0.448,null,null,null
2.083,null,null,null,null,null,null,null,null,null,null,null,null,null,null,null,null,null,null,-0.138, 1.183, -0.734,42.274, 343.470, 354.210,-0.121, 0.679, -0.746,30.475, 338.609, 17.130,-0.489, 0.062, 0.448,null,null,null
2.089,null,null,null,null,null,null,null,null,null,null,null,null,null,null,null,null,null,null,-0.138, 1.183, -0.734,42.274, 343.470, 354.210,-0.121, 0.679, -0.746,30.475, 338.609, 17.130,-0.489, 0.062, 0.448,null,null,null
2.096,null,null,null,null,null,null,null,null,null,null,null,null,null,null,null,null,null,null,-0.138, 1.183, -0.734,42.274, 343.470, 354.210,-0.121, 0.679, -0.746,30.475, 338.609, 17.130,-0.489, 0.062, 0.448,null,null,null
2.102,null,null,null,null,null,null,null,null,null,null,null,null,null,null,null,null,null,null,-0.138, 1.183, -0.734,42.274, 343.470, 354.210,-0.121, 0.679, -0.746,30.475, 338.609, 17.130,-0.489, 0.062, 0.448,null,null,null
2.108,null,null,null,null,null,null,null,null,null,null,null,null,null,null,null,null,null,null,-0.138, 1.183, -0.734,42.274, 343.470, 354.210,-0.121, 0.679, -0.746,30.475, 338.609, 17.130,-0.489, 0.062, 0.448,null,null,null
2.115,null,null,null,null,null,null,null,null,null,null,null,null,null,null,null,null,null,null,-0.138, 1.183, -0.734,42.274, 343.470, 354.210,-0.121, 0.679, -0.746,30.475, 338.609, 17.130,-0.489, 0.062, 0.448,null,null,null
2.122,null,null,null,null,null,null,null,null,null,null,null,null,null,null,null,null,null,null,-0.138, 1.183, -0.734,42.274, 343.470, 354.210,-0.121, 0.679, -0.746,30.475, 338.609, 17.130,-0.489, 0.062, 0.448,null,null,null
2.128,null,null,null,null,null,null,null,null,null,null,null,null,null,null,null,null,null,null,-0.137, 1.183, -0.734,42.138, 344.424, 354.675,-0.117, 0.676, -0.744,32.048, 337.458, 16.330,-0.469, 0.062, 0.459,null,null,null
2.134,null,null,null,null,null,null,null,null,null,null,null,null,null,null,null,null,null,null,-0.135, 1.184, -0.734,41.958, 345.162, 354.959,-0.115, 0.674, -0.741,31.776, 336.644, 16.513,-0.454, 0.062, 0.472,null,null,null
2.140,null,null,null,null,null,null,null,null,null,null,null,null,null,null,null,null,null,null,-0.135, 1.184, -0.734,41.958, 345.162, 354.959,-0.115, 0.674, -0.741,31.776, 336.644, 16.513,-0.454, 0.062, 0.472,null,null,null
2.147,null,null,null,null,null,null,null,null,null,null,null,null,null,null,null,null,null,null,-0.135, 1.184, -0.734,41.958, 345.162, 354.959,-0.115, 0.674, -0.741,31.776, 336.644, 16.513,-0.454, 0.062, 0.472,null,null,null
2.153,null,null,null,null,null,null,null,null,null,null,null,null,null,null,null,null,null,null,-0.135, 1.184, -0.734,41.958, 345.162, 354.959,-0.115, 0.674, -0.741,31.776, 336.644, 16.513,-0.454, 0.062, 0.472,null,null,null
2.160,null,null,null,null,null,null,null,null,null,null,null,null,null,null,null,null,null,null,-0.135, 1.184, -0.734,41.958, 345.162, 354.959,-0.115, 0.674, -0.741,31.776, 336.644, 16.513,-0.454, 0.062, 0.472,null,null,null
2.166,null,null,null,null,null,null,null,null,null,null,null,null,null,null,null,null,null,null,-0.135, 1.184, -0.734,41.958, 345.162, 354.959,-0.115, 0.674, -0.741,31.776, 336.644, 16.513,-0.454, 0.062, 0.472,null,null,null
2.172,null,null,null,null,null,null,null,null,null,null,null,null,null,null,null,null,null,null,-0.135, 1.184, -0.734,41.958, 345.162, 354.959,-0.115, 0.674, -0.741,31.776, 336.644, 16.513,-0.454, 0.062, 0.472,null,null,null
2.178,null,null,null,null,null,null,null,null,null,null,null,null,null,null,null,null,null,null,-0.135, 1.184, -0.734,41.958, 345.162, 354.959,-0.115, 0.674, -0.741,31.776, 336.644, 16.513,-0.454, 0.062, 0.472,null,null,null
2.184,null,null,null,null,null,null,null,null,null,null,null,null,null,null,null,null,null,null,-0.135, 1.184, -0.734,41.958, 345.162, 354.959,-0.115, 0.674, -0.741,31.776, 336.644, 16.513,-0.454, 0.062, 0.472,null,null,null
2.190,null,null,null,null,null,null,null,null,null,null,null,null,null,null,null,null,null,null,-0.135, 1.184, -0.734,41.958, 345.162, 354.959,-0.115, 0.674, -0.741,31.776, 336.644, 16.513,-0.454, 0.062, 0.472,null,null,null
2.196,null,null,null,null,null,null,null,null,null,null,null,null,null,null,null,null,null,null,-0.135, 1.184, -0.734,41.958, 345.162, 354.959,-0.115, 0.674, -0.741,31.776, 336.644, 16.513,-0.454, 0.062, 0.472,null,null,null
2.202,null,null,null,null,null,null,null,null,null,null,null,null,null,null,null,null,null,null,-0.135, 1.184, -0.734,41.958, 345.162, 354.959,-0.115, 0.674, -0.741,31.776, 336.644, 16.513,-0.454, 0.062, 0.472,null,null,null
2.209,null,null,null,null,null,null,null,null,null,null,null,null,null,null,null,null,null,null,-0.135, 1.184, -0.734,41.958, 345.162, 354.959,-0.115, 0.674, -0.741,31.776, 336.644, 16.513,-0.454, 0.062, 0.472,null,null,null
2.215,null,null,null,null,null,null,null,null,null,null,null,null,null,null,null,null,null,null,-0.135, 1.184, -0.734,41.958, 345.162, 354.959,-0.115, 0.674, -0.741,31.776, 336.644, 16.513,-0.454, 0.062, 0.472,null,null,null
2.222,null,null,null,null,null,null,null,null,null,null,null,null,null,null,null,null,null,null,-0.135, 1.184, -0.734,41.958, 345.162, 354.959,-0.115, 0.674, -0.741,31.776, 336.644, 16.513,-0.454, 0.062, 0.472,null,null,null
2.228,null,null,null,null,null,null,null,null,null,null,null,null,null,null,null,null,null,null,-0.135, 1.184, -0.734,41.958, 345.162, 354.959,-0.115, 0.674, -0.741,31.776, 336.644, 16.513,-0.454, 0.062, 0.472,null,null,null
2.234,null,null,null,null,null,null,null,null,null,null,null,null,null,null,null,null,null,null,-0.135, 1.184, -0.734,41.958, 345.162, 354.959,-0.115, 0.674, -0.741,31.776, 336.644, 16.513,-0.454, 0.062, 0.472,null,null,null
2.240,null,null,null,null,null,null,null,null,null,null,null,null,null,null,null,null,null,null,-0.135, 1.184, -0.734,41.958, 345.162, 354.959,-0.115, 0.674, -0.741,31.776, 336.644, 16.513,-0.454, 0.062, 0.472,null,null,null
2.247,null,null,null,null,null,null,null,null,null,null,null,null,null,null,null,null,null,null,-0.133, 1.184, -0.733,41.791, 345.901, 355.241,-0.114, 0.674, -0.739,31.313, 336.657, 17.821,-0.439, 0.062, 0.484,null,null,null
2.254,null,null,null,null,null,null,null,null,null,null,null,null,null,null,null,null,null,null,-0.130, 1.184, -0.733,41.750, 346.877, 355.598,-0.114, 0.674, -0.737,31.584, 336.374, 17.876,-0.416, 0.062, 0.491,null,null,null
